id,shopName,ownerName,phone,address,gpsLatitude,gpsLongitude,creditBalance,isActive,createdAt,updatedAt,externalId,routeName
1,A S MANIAN JUNCTION,0,0.0,0.0,0.0,0.0,0.0,0.0,2026-02-14 13:14:08,2026-02-14 13:14:08,0.0,0.0
2,"A-ONE tea shop(STC college road, perumalpuram)",0,0.0,0.0,0.0,0.0,0.0,0.0,2026-02-14 13:14:08,2026-02-14 13:14:08,0.0,0.0
3,A.K. PALAMUTHIR SOLAI,0,0.0,0.0,0.0,0.0,0.0,0.0,2026-02-14 13:14:08,2026-02-14 13:14:08,0.0,0.0
4,A.M ANIFA STORE MANUR,0,0.0,0.0,0.0,0.0,0.0,0.0,2026-02-14 13:14:08,2026-02-14 13:14:08,0.0,0.0
5,A.R.RAHMAN STORE NORTH BALA BHAKYA NAGAR,0,0.0,0.0,0.0,0.0,0.0,0.0,2026-02-14 13:14:08,2026-02-14 13:14:08,0.0,0.0
6,A.S BALAN (GOODOWN ROAD),0,0.0,0.0,0.0,0.0,0.0,0.0,2026-02-14 13:14:08,2026-02-14 13:14:08,0.0,0.0
7,"A.S FRUITS HOUSE, GOPALASAMUTHRAM ROAD",0,0.0,0.0,0.0,0.0,0.0,0.0,2026-02-14 13:14:08,2026-02-14 13:14:08,0.0,0.0
8,AAJES TEA STALL(KRISHNA HOSPITAL OPPOSITE),0,0.0,0.0,0.0,0.0,0.0,0.0,2026-02-14 13:14:08,2026-02-14 13:14:08,0.0,0.0
9,"AAMIRI STORE, MELAPALAYAM HAMIMPURAM 7TH STREET",0,0.0,0.0,0.0,0.0,0.0,0.0,2026-02-14 13:14:08,2026-02-14 13:14:08,0.0,0.0
10,AANDAVAR TEA STALL(ROSEMARY HOSPITAL OPP),0,0.0,0.0,0.0,0.0,0.0,0.0,2026-02-14 13:14:08,2026-02-14 13:14:08,0.0,0.0
11,AARON RESTAURANT(VV.M CHATRAM),0,0.0,0.0,0.0,0.0,0.0,0.0,2026-02-14 13:14:08,2026-02-14 13:14:08,0.0,0.0
12,AATHIL STORE BILAL PALLIVVASAL SANKAR NAGAR,0,0.0,0.0,0.0,0.0,0.0,0.0,2026-02-14 13:14:08,2026-02-14 13:14:08,0.0,0.0
13,"AAVIN AGENCY AND STORE, AR LINE",0,0.0,0.0,0.0,0.0,0.0,0.0,2026-02-14 13:14:08,2026-02-14 13:14:08,0.0,0.0
14,AAVIN MILK BHUVANESWARI OPP,0,0.0,0.0,0.0,0.0,0.0,0.0,2026-02-14 13:14:08,2026-02-14 13:14:08,0.0,0.0
15,AAVIN MILK JUNCTION,0,0.0,0.0,0.0,0.0,0.0,0.0,2026-02-14 13:14:08,2026-02-14 13:14:08,0.0,0.0
16,AAVIN MILK REDDIARPATTI ROAD,0,0.0,0.0,0.0,0.0,0.0,0.0,2026-02-14 13:14:08,2026-02-14 13:14:08,0.0,0.0
17,AAVIN PALAKAM(NEAR LIC PALAY),0,0.0,0.0,0.0,0.0,0.0,0.0,2026-02-14 13:14:08,2026-02-14 13:14:08,0.0,0.0
18,AAVIN STORE(MURUGANKURICHI),0,0.0,0.0,0.0,0.0,0.0,0.0,2026-02-14 13:14:08,2026-02-14 13:14:08,0.0,0.0
19,AAVIN VM CHATHRAM,0,0.0,0.0,0.0,0.0,0.0,0.0,2026-02-14 13:14:08,2026-02-14 13:14:08,0.0,0.0
20,ABDULLAH MART,0,0.0,0.0,0.0,0.0,0.0,0.0,2026-02-14 13:14:08,2026-02-14 13:14:08,0.0,0.0
21,ABI STORE(KULAVANIKAPURAM),0,0.0,0.0,0.0,0.0,0.0,0.0,2026-02-14 13:14:08,2026-02-14 13:14:08,0.0,0.0
22,ABIRAMI NAMMA TEA KADAI(VAGADI MUKKU TOWN),0,0.0,0.0,0.0,0.0,0.0,0.0,2026-02-14 13:14:08,2026-02-14 13:14:08,0.0,0.0
23,ABTHI KADAI(PETTAI MILL),0,0.0,0.0,0.0,0.0,0.0,0.0,2026-02-14 13:14:08,2026-02-14 13:14:08,0.0,0.0
24,AFTHI SHOPPING(SOOTHAMALLI),0,0.0,0.0,0.0,0.0,0.0,0.0,2026-02-14 13:14:08,2026-02-14 13:14:08,0.0,0.0
25,AJ COOL BAR MELAPALAYAM,0,0.0,0.0,0.0,0.0,0.0,0.0,2026-02-14 13:14:08,2026-02-14 13:14:08,0.0,0.0
26,AJ STORE MAHARAJANAGAR(ROSE COMPLEX),0,0.0,0.0,0.0,0.0,0.0,0.0,2026-02-14 13:14:08,2026-02-14 13:14:08,0.0,0.0
27,AJMAL SWEETS AND BAKERY(PETTAI)(yusuf),0,0.0,0.0,0.0,0.0,0.0,0.0,2026-02-14 13:14:08,2026-02-14 13:14:08,0.0,0.0
28,AKASHINI AND HARISH DEVA STORE(THARUVAI),0,0.0,0.0,0.0,0.0,0.0,0.0,2026-02-14 13:14:08,2026-02-14 13:14:08,0.0,0.0
29,AKB SCHOOL CHERANMAHADEVI,0,0.0,0.0,0.0,0.0,0.0,0.0,2026-02-14 13:14:08,2026-02-14 13:14:08,0.0,0.0
30,AKV TEA HOUSE SAMATHANAPURAM (JAM JAM BRIYANI OPP),0,0.0,0.0,0.0,0.0,0.0,0.0,2026-02-14 13:14:08,2026-02-14 13:14:08,0.0,0.0
31,AL- SAUDIA COOL BAR(MELAPALAYAM) NEAR FIRSH MARKET,0,0.0,0.0,0.0,0.0,0.0,0.0,2026-02-14 13:14:08,2026-02-14 13:14:08,0.0,0.0
32,ALAYA AGENCY(VALLANADU),0,0.0,0.0,0.0,0.0,0.0,0.0,2026-02-14 13:14:08,2026-02-14 13:14:08,0.0,0.0
33,ALAYA BAKERY AND SWEETS,0,0.0,0.0,0.0,0.0,0.0,0.0,2026-02-14 13:14:08,2026-02-14 13:14:08,0.0,0.0
34,ALIF CHAI MELAPALAYAM,0,0.0,0.0,0.0,0.0,0.0,0.0,2026-02-14 13:14:08,2026-02-14 13:14:08,0.0,0.0
35,ALKATHIRA STORE,0,0.0,0.0,0.0,0.0,0.0,0.0,2026-02-14 13:14:08,2026-02-14 13:14:08,0.0,0.0
36,"AM STORE, SREEMATHI OPP",0,0.0,0.0,0.0,0.0,0.0,0.0,2026-02-14 13:14:08,2026-02-14 13:14:08,0.0,0.0
37,AMBALAVANAN COFFEE THENIR STORE(rastha),0,0.0,0.0,0.0,0.0,0.0,0.0,2026-02-14 13:14:08,2026-02-14 13:14:08,0.0,0.0
38,AMMACHI HRIPCY HOUSE,0,0.0,0.0,0.0,0.0,0.0,0.0,2026-02-14 13:14:08,2026-02-14 13:14:08,0.0,0.0
39,AMMUZ CAFE VANNARPETTAI,0,0.0,0.0,0.0,0.0,0.0,0.0,2026-02-14 13:14:08,2026-02-14 13:14:08,0.0,0.0
40,AMUL MANGAMMAL SALAI,0,0.0,0.0,0.0,0.0,0.0,0.0,2026-02-14 13:14:08,2026-02-14 13:14:08,0.0,0.0
41,AMUTHAN CAFE NGO COLONY(CHURCH OPP),0,0.0,0.0,0.0,0.0,0.0,0.0,2026-02-14 13:14:08,2026-02-14 13:14:08,0.0,0.0
42,ANAND BAKERY RAJAVALLIPURAM ROAD,0,0.0,0.0,0.0,0.0,0.0,0.0,2026-02-14 13:14:08,2026-02-14 13:14:08,0.0,0.0
43,ANGEL SWEETS AND STORE(THIYAGARAJA NAGAR),0,0.0,0.0,0.0,0.0,0.0,0.0,2026-02-14 13:14:08,2026-02-14 13:14:08,0.0,0.0
44,ANISH COOL BAR TOWN BRIDGE,0,0.0,0.0,0.0,0.0,0.0,0.0,2026-02-14 13:14:08,2026-02-14 13:14:08,0.0,0.0
45,ANITHA STORE THENKALAM ROAD RASTHA,0,0.0,0.0,0.0,0.0,0.0,0.0,2026-02-14 13:14:08,2026-02-14 13:14:08,0.0,0.0
46,ANITHA SUPER MARKET THACHAI,0,0.0,0.0,0.0,0.0,0.0,0.0,2026-02-14 13:14:08,2026-02-14 13:14:08,0.0,0.0
47,ANITHA TEA STALL JUNCTION(ANIL STORE OPP),0,0.0,0.0,0.0,0.0,0.0,0.0,2026-02-14 13:14:08,2026-02-14 13:14:08,0.0,0.0
48,ANNAI COOLDRINKS(NEW BUS STAND START),0,0.0,0.0,0.0,0.0,0.0,0.0,2026-02-14 13:14:08,2026-02-14 13:14:08,0.0,0.0
49,ANNAI STORE(THACHAINALLUR),0,0.0,0.0,0.0,0.0,0.0,0.0,2026-02-14 13:14:08,2026-02-14 13:14:08,0.0,0.0
50,"ANNAI TEA STALL(KURICHI ROAD, MELAPALAYAM)",0,0.0,0.0,0.0,0.0,0.0,0.0,2026-02-14 13:14:08,2026-02-14 13:14:08,0.0,0.0
51,ANNALAKSMI FRUITS SIVALAPERI ROAD,0,0.0,0.0,0.0,0.0,0.0,0.0,2026-02-14 13:14:08,2026-02-14 13:14:08,0.0,0.0
52,APPA TEA STALL HIGHGROUND,0,0.0,0.0,0.0,0.0,0.0,0.0,2026-02-14 13:14:08,2026-02-14 13:14:08,0.0,0.0
53,APSARA SNACKS(SANKAR NAGAR),0,0.0,0.0,0.0,0.0,0.0,0.0,2026-02-14 13:14:08,2026-02-14 13:14:08,0.0,0.0
54,"ARASAN SNACKS(SANKAR NAGAR, RAJAVALIPURAM)",0,0.0,0.0,0.0,0.0,0.0,0.0,2026-02-14 13:14:08,2026-02-14 13:14:08,0.0,0.0
55,ARCHANA CAFE MADURAI ROAD,0,0.0,0.0,0.0,0.0,0.0,0.0,2026-02-14 13:14:08,2026-02-14 13:14:08,0.0,0.0
56,ARUL SELVAN BOOPAN STORE(RASTA,0,0.0,0.0,0.0,0.0,0.0,0.0,2026-02-14 13:14:08,2026-02-14 13:14:08,0.0,0.0
57,ARULJOTHI TEA STALL REDDIARPATTI,0,0.0,0.0,0.0,0.0,0.0,0.0,2026-02-14 13:14:08,2026-02-14 13:14:08,0.0,0.0
58,ARUNACHALAM STORE THENKALAM ROAD SRINAGAR,0,0.0,0.0,0.0,0.0,0.0,0.0,2026-02-14 13:14:08,2026-02-14 13:14:08,0.0,0.0
59,"ARYA COFFEE KASI VILAS OPP, TOWN",0,0.0,0.0,0.0,0.0,0.0,0.0,2026-02-14 13:14:08,2026-02-14 13:14:08,0.0,0.0
60,ASIR KARUPATTI COFFEE(OPP PSS THEATRE),0,0.0,0.0,0.0,0.0,0.0,0.0,2026-02-14 13:14:08,2026-02-14 13:14:08,0.0,0.0
61,ASLAM STORE SANKAR NAGAR,0,0.0,0.0,0.0,0.0,0.0,0.0,2026-02-14 13:14:08,2026-02-14 13:14:08,0.0,0.0
62,ASM SUBBIAH,0,0.0,0.0,0.0,0.0,0.0,0.0,2026-02-14 13:14:08,2026-02-14 13:14:08,0.0,0.0
63,"ATCHAYA HOTEL BHAVAN(V.M CHATRAM, OPPOSITE LAKSHMI MAHAL)",0,0.0,0.0,0.0,0.0,0.0,0.0,2026-02-14 13:14:08,2026-02-14 13:14:08,0.0,0.0
64,ATCHAYA TEA CORNER VM CHATRAM KTC NAGAR BRIDGE,0,0.0,0.0,0.0,0.0,0.0,0.0,2026-02-14 13:14:08,2026-02-14 13:14:08,0.0,0.0
65,ATHISAYARAJ STORE THIRUCHENDUR ROAD,0,0.0,0.0,0.0,0.0,0.0,0.0,2026-02-14 13:14:08,2026-02-14 13:14:08,0.0,0.0
66,ATHVIKA STORE (KALLANAI SCHOOL),0,0.0,0.0,0.0,0.0,0.0,0.0,2026-02-14 13:14:08,2026-02-14 13:14:08,0.0,0.0
67,"AUSTIN COFFEE CORNER, VM CHATRAM, ATCHAYA OPP",0,0.0,0.0,0.0,0.0,0.0,0.0,2026-02-14 13:14:08,2026-02-14 13:14:08,0.0,0.0
68,"AVM TEA STALL(NEW BUS STAND, NGO COLONY)",0,0.0,0.0,0.0,0.0,0.0,0.0,2026-02-14 13:14:08,2026-02-14 13:14:08,0.0,0.0
69,"AYA MASTHAN HOTEL(UMIMPURAM, 1ST STREET) MELAPALAYAM",0,0.0,0.0,0.0,0.0,0.0,0.0,2026-02-14 13:14:08,2026-02-14 13:14:08,0.0,0.0
70,AYSHA STORE MELAPALAYAM(OPPOSITE TO ANNAPORNA),0,0.0,0.0,0.0,0.0,0.0,0.0,2026-02-14 13:14:08,2026-02-14 13:14:08,0.0,0.0
71,AYSHA STORE PALASARUKU STORES(MELAPALAYAM),0,0.0,0.0,0.0,0.0,0.0,0.0,2026-02-14 13:14:08,2026-02-14 13:14:08,0.0,0.0
72,AYUTHAMMAN KOVIL JUICE SOUTH BAJAR,0,0.0,0.0,0.0,0.0,0.0,0.0,2026-02-14 13:14:08,2026-02-14 13:14:08,0.0,0.0
73,"AYYA KUTTY STORE, POLICE STATION NEAR",0,0.0,0.0,0.0,0.0,0.0,0.0,2026-02-14 13:14:08,2026-02-14 13:14:08,0.0,0.0
74,AYYAPAN STORE CN VILLAGE,0,0.0,0.0,0.0,0.0,0.0,0.0,2026-02-14 13:14:08,2026-02-14 13:14:08,0.0,0.0
75,AYYAPPAS TEA COFFEE RASTHA,0,0.0,0.0,0.0,0.0,0.0,0.0,2026-02-14 13:14:08,2026-02-14 13:14:08,0.0,0.0
76,Abi store thiyagaraja nagar,0,0.0,0.0,0.0,0.0,0.0,0.0,2026-02-14 13:14:08,2026-02-14 13:14:08,0.0,0.0
77,BAASS MART SOUTH BAJAR,0,0.0,0.0,0.0,0.0,0.0,0.0,2026-02-14 13:14:08,2026-02-14 13:14:08,0.0,0.0
78,"BADUSHA SUPER MARKET, KRISHNAPURAM",0,0.0,0.0,0.0,0.0,0.0,0.0,2026-02-14 13:14:08,2026-02-14 13:14:08,0.0,0.0
79,"BALA SHASTHA STORE(VANNARPETTAI, AATRU PALAM)",0,0.0,0.0,0.0,0.0,0.0,0.0,2026-02-14 13:14:08,2026-02-14 13:14:08,0.0,0.0
80,BALAJI STORE SOOTHAMALLI,0,0.0,0.0,0.0,0.0,0.0,0.0,2026-02-14 13:14:08,2026-02-14 13:14:08,0.0,0.0
81,BALAJI STORE(KULAVVANIKPURAM CHURCH NEAR),0,0.0,0.0,0.0,0.0,0.0,0.0,2026-02-14 13:14:08,2026-02-14 13:14:08,0.0,0.0
82,BALAJI TEA STALL,0,0.0,0.0,0.0,0.0,0.0,0.0,2026-02-14 13:14:08,2026-02-14 13:14:08,0.0,0.0
83,BALAKANI TEA STALL KRISHNAPURAM,0,0.0,0.0,0.0,0.0,0.0,0.0,2026-02-14 13:14:08,2026-02-14 13:14:08,0.0,0.0
84,BALAMURUGAN STORE(RAJA KUDIRUPU PALAY),0,0.0,0.0,0.0,0.0,0.0,0.0,2026-02-14 13:14:08,2026-02-14 13:14:08,0.0,0.0
85,BALAN UNAVAGAM(KRISHNAPURAM),0,0.0,0.0,0.0,0.0,0.0,0.0,2026-02-14 13:14:08,2026-02-14 13:14:08,0.0,0.0
86,BEERTHELAS STORE GOPALASAMUTHRAM,0,0.0,0.0,0.0,0.0,0.0,0.0,2026-02-14 13:14:08,2026-02-14 13:14:08,0.0,0.0
87,BETHEL SNACKS THARAPURAM THALAIATHU,0,0.0,0.0,0.0,0.0,0.0,0.0,2026-02-14 13:14:08,2026-02-14 13:14:08,0.0,0.0
88,BETHEL SUPER NGL ROAD,0,0.0,0.0,0.0,0.0,0.0,0.0,2026-02-14 13:14:08,2026-02-14 13:14:08,0.0,0.0
89,BHARATHI ANGADI RANI ANNA COLLEGE OPP,0,0.0,0.0,0.0,0.0,0.0,0.0,2026-02-14 13:14:08,2026-02-14 13:14:08,0.0,0.0
90,BHARATHI SUPER MARKET(RAHMATH NAGAR),0,0.0,0.0,0.0,0.0,0.0,0.0,2026-02-14 13:14:08,2026-02-14 13:14:08,0.0,0.0
91,BHARATHIYAR STREET TOWN OPP,0,0.0,0.0,0.0,0.0,0.0,0.0,2026-02-14 13:14:08,2026-02-14 13:14:08,0.0,0.0
92,BIBLE AND SHIFT PALACE(MURUGANKURICHI PALAY),0,0.0,0.0,0.0,0.0,0.0,0.0,2026-02-14 13:14:08,2026-02-14 13:14:08,0.0,0.0
93,BISMILLAH MINI SHOP(NEAR PETTAI MILL),0,0.0,0.0,0.0,0.0,0.0,0.0,2026-02-14 13:14:08,2026-02-14 13:14:08,0.0,0.0
94,BISMILLAH PETTAI MILL NEAR,0,0.0,0.0,0.0,0.0,0.0,0.0,2026-02-14 13:14:08,2026-02-14 13:14:08,0.0,0.0
95,BISMILLAH SOOTHAMALLI,0,0.0,0.0,0.0,0.0,0.0,0.0,2026-02-14 13:14:08,2026-02-14 13:14:08,0.0,0.0
96,BISMILLAH STORE(SCHAFTER SCHOOL OPP),0,0.0,0.0,0.0,0.0,0.0,0.0,2026-02-14 13:14:08,2026-02-14 13:14:08,0.0,0.0
97,BRIDA STORE,0,0.0,0.0,0.0,0.0,0.0,0.0,2026-02-14 13:14:08,2026-02-14 13:14:08,0.0,0.0
98,BRITISH BAKERY REDDIARPATTI,0,0.0,0.0,0.0,0.0,0.0,0.0,2026-02-14 13:14:08,2026-02-14 13:14:08,0.0,0.0
99,BYEPASS TEA STALL,0,0.0,0.0,0.0,0.0,0.0,0.0,2026-02-14 13:14:08,2026-02-14 13:14:08,0.0,0.0
100,BYPASS PALAMUTHIRSOLAI( VANNARPETTAI) AFNA PARK OPP,0,0.0,0.0,0.0,0.0,0.0,0.0,2026-02-14 13:14:08,2026-02-14 13:14:08,0.0,0.0
101,C.R STORE THACHAI GOKUL NAGAR,0,0.0,0.0,0.0,0.0,0.0,0.0,2026-02-14 13:14:08,2026-02-14 13:14:08,0.0,0.0
102,CHAI AND CHILL MURUGANKURICHI,0,0.0,0.0,0.0,0.0,0.0,0.0,2026-02-14 13:14:08,2026-02-14 13:14:08,0.0,0.0
103,CHANDRA BAKERY(JUNCTION BUS STAND),0,0.0,0.0,0.0,0.0,0.0,0.0,2026-02-14 13:14:08,2026-02-14 13:14:08,0.0,0.0
104,CHANDRASEKAR STORE(AYYAPA TEA STALL OPP. RASTA),0,0.0,0.0,0.0,0.0,0.0,0.0,2026-02-14 13:14:08,2026-02-14 13:14:08,0.0,0.0
105,CHOLA STORE BALABAGYA NAGAR,0,0.0,0.0,0.0,0.0,0.0,0.0,2026-02-14 13:14:08,2026-02-14 13:14:08,0.0,0.0
106,CITY SUPER MARKET(MELAPALAYAM),0,0.0,0.0,0.0,0.0,0.0,0.0,2026-02-14 13:14:08,2026-02-14 13:14:08,0.0,0.0
107,COLOURS COOL DRINKS(Thachai),0,0.0,0.0,0.0,0.0,0.0,0.0,2026-02-14 13:14:08,2026-02-14 13:14:08,0.0,0.0
108,COOL SPOT KRISHNAPURAM,0,0.0,0.0,0.0,0.0,0.0,0.0,2026-02-14 13:14:08,2026-02-14 13:14:08,0.0,0.0
109,COOLSPOT KRISHNAPURAM,0,0.0,0.0,0.0,0.0,0.0,0.0,2026-02-14 13:14:08,2026-02-14 13:14:08,0.0,0.0
110,CV STORE THIRUMAL NAGAR,0,0.0,0.0,0.0,0.0,0.0,0.0,2026-02-14 13:14:08,2026-02-14 13:14:08,0.0,0.0
111,D.A.M. BHARANI PALAMUTHIRSOLAI(PALAY ROUNDANA),0,0.0,0.0,0.0,0.0,0.0,0.0,2026-02-14 13:14:08,2026-02-14 13:14:08,0.0,0.0
112,D.D FRUITS SHOP(THACHAI),0,0.0,0.0,0.0,0.0,0.0,0.0,2026-02-14 13:14:08,2026-02-14 13:14:08,0.0,0.0
113,DANI STORE AR LINE(FIRE STATION OPP ROAD),0,0.0,0.0,0.0,0.0,0.0,0.0,2026-02-14 13:14:08,2026-02-14 13:14:08,0.0,0.0
114,"DEVI SNACKS AND SHOPPING(NGO-A COLONY, KARPAGAVINAYAGAR NAGAR)",0,0.0,0.0,0.0,0.0,0.0,0.0,2026-02-14 13:14:08,2026-02-14 13:14:08,0.0,0.0
115,DEVI STORE MANGAMMAL SALAI KTC NAGAR,0,0.0,0.0,0.0,0.0,0.0,0.0,2026-02-14 13:14:08,2026-02-14 13:14:08,0.0,0.0
116,DHANAM MARKETTING,0,0.0,0.0,0.0,0.0,0.0,0.0,2026-02-14 13:14:08,2026-02-14 13:14:08,0.0,0.0
117,DHARANI STORE JUNCTION,0,0.0,0.0,0.0,0.0,0.0,0.0,2026-02-14 13:14:08,2026-02-14 13:14:08,0.0,0.0
118,DHARMA STORE KRISHNAPURAM,0,0.0,0.0,0.0,0.0,0.0,0.0,2026-02-14 13:14:08,2026-02-14 13:14:08,0.0,0.0
119,DHASH TEA STALL,0,0.0,0.0,0.0,0.0,0.0,0.0,2026-02-14 13:14:08,2026-02-14 13:14:08,0.0,0.0
120,EDAN FRUITS SANTHI NAGAR FATHIMA RESTAURANT NEAR,0,0.0,0.0,0.0,0.0,0.0,0.0,2026-02-14 13:14:08,2026-02-14 13:14:08,0.0,0.0
121,EDEN FRUITS SANTHI NAGAR SEVALAPERI ROAD NEAR HAIR STYLE,0,0.0,0.0,0.0,0.0,0.0,0.0,2026-02-14 13:14:08,2026-02-14 13:14:08,0.0,0.0
122,EJ STORE,0,0.0,0.0,0.0,0.0,0.0,0.0,2026-02-14 13:14:08,2026-02-14 13:14:08,0.0,0.0
123,ESHITHA SNACKS RESTAURANT,0,0.0,0.0,0.0,0.0,0.0,0.0,2026-02-14 13:14:08,2026-02-14 13:14:08,0.0,0.0
124,"ESWARI STORE, RAHMATH NAGAR",0,0.0,0.0,0.0,0.0,0.0,0.0,2026-02-14 13:14:08,2026-02-14 13:14:08,0.0,0.0
125,EXPRESS BAKERY(JUNCTION),0,0.0,0.0,0.0,0.0,0.0,0.0,2026-02-14 13:14:08,2026-02-14 13:14:08,0.0,0.0
126,F.M SAI CORNER,0,0.0,0.0,0.0,0.0,0.0,0.0,2026-02-14 13:14:08,2026-02-14 13:14:08,0.0,0.0
127,FAMILY SUPER MARKET(MELAPALAYAM),0,0.0,0.0,0.0,0.0,0.0,0.0,2026-02-14 13:14:08,2026-02-14 13:14:08,0.0,0.0
128,FAREED MILK AND COOLDRINKS(MELAPALAYAM),0,0.0,0.0,0.0,0.0,0.0,0.0,2026-02-14 13:14:08,2026-02-14 13:14:08,0.0,0.0
129,FATHIMA KOODESWARAN NAGAR,0,0.0,0.0,0.0,0.0,0.0,0.0,2026-02-14 13:14:08,2026-02-14 13:14:08,0.0,0.0
130,FAWZAN STORE EB ROAD,0,0.0,0.0,0.0,0.0,0.0,0.0,2026-02-14 13:14:08,2026-02-14 13:14:08,0.0,0.0
131,FLAVORZ STC COLLEGE,0,0.0,0.0,0.0,0.0,0.0,0.0,2026-02-14 13:14:08,2026-02-14 13:14:08,0.0,0.0
132,FLORA STORE THIYAGARAJA NAGAR,0,0.0,0.0,0.0,0.0,0.0,0.0,2026-02-14 13:14:08,2026-02-14 13:14:08,0.0,0.0
133,FM SAI CORNER(MELAPALAYAM),0,0.0,0.0,0.0,0.0,0.0,0.0,2026-02-14 13:14:08,2026-02-14 13:14:08,0.0,0.0
134,"FRIENDS COFFEE SHOP PALAY NEAR VIJAY TAILOR, SELVARANI OPP",0,0.0,0.0,0.0,0.0,0.0,0.0,2026-02-14 13:14:08,2026-02-14 13:14:08,0.0,0.0
135,FRIENDS TEA SHOP,0,0.0,0.0,0.0,0.0,0.0,0.0,2026-02-14 13:14:08,2026-02-14 13:14:08,0.0,0.0
136,FRIENDS TEA STALL(PALAY TVM MAIN ROAD),0,0.0,0.0,0.0,0.0,0.0,0.0,2026-02-14 13:14:08,2026-02-14 13:14:08,0.0,0.0
137,FX COLLEGE THARUVAI,0,0.0,0.0,0.0,0.0,0.0,0.0,2026-02-14 13:14:08,2026-02-14 13:14:08,0.0,0.0
138,G MART(PERUMALPURAM),0,0.0,0.0,0.0,0.0,0.0,0.0,2026-02-14 13:14:08,2026-02-14 13:14:08,0.0,0.0
139,G.MART(PERUMALPURAM),0,0.0,0.0,0.0,0.0,0.0,0.0,2026-02-14 13:14:08,2026-02-14 13:14:08,0.0,0.0
140,GANAPATHI MINI SUPERMARKET GOPALASAMUTHRAM,0,0.0,0.0,0.0,0.0,0.0,0.0,2026-02-14 13:14:08,2026-02-14 13:14:08,0.0,0.0
141,GANAPATHI TEA STALL SN HIGH ROAD JUNCTION BRIDGE DOWN,0,0.0,0.0,0.0,0.0,0.0,0.0,2026-02-14 13:14:08,2026-02-14 13:14:08,0.0,0.0
142,"GANESH STORE, KOTTURPURAM, THIMMARAJPURAM",0,0.0,0.0,0.0,0.0,0.0,0.0,2026-02-14 13:14:08,2026-02-14 13:14:08,0.0,0.0
143,GEETHAKANI AGENCY(TENKAS),0,0.0,0.0,0.0,0.0,0.0,0.0,2026-02-14 13:14:08,2026-02-14 13:14:08,0.0,0.0
144,"GOKUL IYANGAR BAKERY, TIRUCHENDUR ROAD",0,0.0,0.0,0.0,0.0,0.0,0.0,2026-02-14 13:14:08,2026-02-14 13:14:08,0.0,0.0
145,GOKUL TEA STALL GOODOWN NEAR,0,0.0,0.0,0.0,0.0,0.0,0.0,2026-02-14 13:14:08,2026-02-14 13:14:08,0.0,0.0
146,"GOLD BAR ICE-CREAM, GODOWN NEAR",0,0.0,0.0,0.0,0.0,0.0,0.0,2026-02-14 13:14:08,2026-02-14 13:14:08,0.0,0.0
147,GOLDEN GROCERY MART(PETTAI),0,0.0,0.0,0.0,0.0,0.0,0.0,2026-02-14 13:14:08,2026-02-14 13:14:08,0.0,0.0
148,GOLDEN STORE MANUR,0,0.0,0.0,0.0,0.0,0.0,0.0,2026-02-14 13:14:08,2026-02-14 13:14:08,0.0,0.0
149,GOLDEN TEA STALL KATCHIMANDAPAM TOWN,0,0.0,0.0,0.0,0.0,0.0,0.0,2026-02-14 13:14:08,2026-02-14 13:14:08,0.0,0.0
150,GOVT ENGINEERING COLLEGE,0,0.0,0.0,0.0,0.0,0.0,0.0,2026-02-14 13:14:08,2026-02-14 13:14:08,0.0,0.0
151,GURU STORE SINTHUBUNTHARAI,0,0.0,0.0,0.0,0.0,0.0,0.0,2026-02-14 13:14:08,2026-02-14 13:14:08,0.0,0.0
152,GURU VIGNESH STORE T-NAGAR,0,0.0,0.0,0.0,0.0,0.0,0.0,2026-02-14 13:14:08,2026-02-14 13:14:08,0.0,0.0
153,HABISHA STORE(MELAPALAYAM),0,0.0,0.0,0.0,0.0,0.0,0.0,2026-02-14 13:14:08,2026-02-14 13:14:08,0.0,0.0
154,HAJI ISLAM DUNYA SUPER MARKET,0,0.0,0.0,0.0,0.0,0.0,0.0,2026-02-14 13:14:08,2026-02-14 13:14:08,0.0,0.0
155,HAJI KASIANA SNACKS(MELAPALAYAM ROUNDANA),0,0.0,0.0,0.0,0.0,0.0,0.0,2026-02-14 13:14:08,2026-02-14 13:14:08,0.0,0.0
156,HAPPY SHOP THENTHIRUPPERAI,0,0.0,0.0,0.0,0.0,0.0,0.0,2026-02-14 13:14:08,2026-02-14 13:14:08,0.0,0.0
157,HARI JUICE CORNER SOUTH BAJAR YADAVRA POST OFFICE ROAD,0,0.0,0.0,0.0,0.0,0.0,0.0,2026-02-14 13:14:08,2026-02-14 13:14:08,0.0,0.0
158,HARI KRISHNA (RTO OFFICE),0,0.0,0.0,0.0,0.0,0.0,0.0,2026-02-14 13:14:08,2026-02-14 13:14:08,0.0,0.0
159,HARI RAM ESWARI STORE(KOKKIRAKULAM),0,0.0,0.0,0.0,0.0,0.0,0.0,2026-02-14 13:14:08,2026-02-14 13:14:08,0.0,0.0
160,HOTEL LAURA,0,0.0,0.0,0.0,0.0,0.0,0.0,2026-02-14 13:14:08,2026-02-14 13:14:08,0.0,0.0
161,HOTEL NEW RUCHI MURUGANKURICHI,0,0.0,0.0,0.0,0.0,0.0,0.0,2026-02-14 13:14:08,2026-02-14 13:14:08,0.0,0.0
162,HOTEL SRI SEENIVASA RAJAVVALLIPURAM ROAD SIDE,0,0.0,0.0,0.0,0.0,0.0,0.0,2026-02-14 13:14:08,2026-02-14 13:14:08,0.0,0.0
163,I TEA STALL MELAPALAYAM,0,0.0,0.0,0.0,0.0,0.0,0.0,2026-02-14 13:14:08,2026-02-14 13:14:08,0.0,0.0
164,IASS STAR,0,0.0,0.0,0.0,0.0,0.0,0.0,2026-02-14 13:14:08,2026-02-14 13:14:08,0.0,0.0
165,"IBRAHIM STORE(URAMIM, 3RD STREET, MELAPALAYAM)",0,0.0,0.0,0.0,0.0,0.0,0.0,2026-02-14 13:14:08,2026-02-14 13:14:08,0.0,0.0
166,ILAHI TEA STALL VANNARPETTAI,0,0.0,0.0,0.0,0.0,0.0,0.0,2026-02-14 13:14:08,2026-02-14 13:14:08,0.0,0.0
167,"IMRAN SWEETS AND TEA COFFEE, MELAPALAYAM",0,0.0,0.0,0.0,0.0,0.0,0.0,2026-02-14 13:14:08,2026-02-14 13:14:08,0.0,0.0
168,INDIRA KUMAR STORE (MANUR),0,0.0,0.0,0.0,0.0,0.0,0.0,2026-02-14 13:14:08,2026-02-14 13:14:08,0.0,0.0
169,INDRAKUMAR STORE MANUR,0,0.0,0.0,0.0,0.0,0.0,0.0,2026-02-14 13:14:08,2026-02-14 13:14:08,0.0,0.0
170,"ISAI THENIR VIRUNTHU TEA STALL SEVALAPERI RD, BARATH PETROL BULK OPP",0,0.0,0.0,0.0,0.0,0.0,0.0,2026-02-14 13:14:08,2026-02-14 13:14:08,0.0,0.0
171,ISHWARYA COOL DRINKS (PETTAI POLICE STATION),0,0.0,0.0,0.0,0.0,0.0,0.0,2026-02-14 13:14:08,2026-02-14 13:14:08,0.0,0.0
172,ISITHA VEG RESTAURANT(VM CHATHRAM),0,0.0,0.0,0.0,0.0,0.0,0.0,2026-02-14 13:14:08,2026-02-14 13:14:08,0.0,0.0
173,J D STORE TNAGAR,0,0.0,0.0,0.0,0.0,0.0,0.0,2026-02-14 13:14:08,2026-02-14 13:14:08,0.0,0.0
174,J. JAISHA INJI TEA KADAI(MELAPALAYAM),0,0.0,0.0,0.0,0.0,0.0,0.0,2026-02-14 13:14:08,2026-02-14 13:14:08,0.0,0.0
175,J.D STORE THIYAGARAJA NAGAR,0,0.0,0.0,0.0,0.0,0.0,0.0,2026-02-14 13:14:08,2026-02-14 13:14:08,0.0,0.0
176,"J.K DIVINE MERCY(OPP STC COLLEGE ROAD, PERUMALBURAM)",0,0.0,0.0,0.0,0.0,0.0,0.0,2026-02-14 13:14:08,2026-02-14 13:14:08,0.0,0.0
177,J.P STORES MANUR,0,0.0,0.0,0.0,0.0,0.0,0.0,2026-02-14 13:14:08,2026-02-14 13:14:08,0.0,0.0
178,"JAI MARUTHI STORE PETTAI(POLICE STATION OPP, SIVA NURSING SCHOOL)",0,0.0,0.0,0.0,0.0,0.0,0.0,2026-02-14 13:14:08,2026-02-14 13:14:08,0.0,0.0
179,JAI SELVI PALAMUTHIR SANKARNAGAR RAJAVALLIPURAM,0,0.0,0.0,0.0,0.0,0.0,0.0,2026-02-14 13:14:08,2026-02-14 13:14:08,0.0,0.0
180,JAI SRI SNACKS JUNCTION,0,0.0,0.0,0.0,0.0,0.0,0.0,2026-02-14 13:14:08,2026-02-14 13:14:08,0.0,0.0
181,JAM JAM TEA COFFEE(PETTAI PALLIVASAL OPP),0,0.0,0.0,0.0,0.0,0.0,0.0,2026-02-14 13:14:08,2026-02-14 13:14:08,0.0,0.0
182,JANANI BALABAGYA NAGAR,0,0.0,0.0,0.0,0.0,0.0,0.0,2026-02-14 13:14:08,2026-02-14 13:14:08,0.0,0.0
183,"JAYA COOL BAR(MADURAI ROAD, SANKARNAGAR)",0,0.0,0.0,0.0,0.0,0.0,0.0,2026-02-14 13:14:08,2026-02-14 13:14:08,0.0,0.0
184,JAYAM STORE,0,0.0,0.0,0.0,0.0,0.0,0.0,2026-02-14 13:14:08,2026-02-14 13:14:08,0.0,0.0
185,JEEVA MANNA HIGHGROUND,0,0.0,0.0,0.0,0.0,0.0,0.0,2026-02-14 13:14:08,2026-02-14 13:14:08,0.0,0.0
186,JENI STATIONARY POTHIGAI NAGAR,0,0.0,0.0,0.0,0.0,0.0,0.0,2026-02-14 13:14:08,2026-02-14 13:14:08,0.0,0.0
187,JENISHA HOTEL (ARAVIND EYE HOSPITAL NEAR),0,0.0,0.0,0.0,0.0,0.0,0.0,2026-02-14 13:14:08,2026-02-14 13:14:08,0.0,0.0
188,JESIMA COOL CORNER,0,0.0,0.0,0.0,0.0,0.0,0.0,2026-02-14 13:14:08,2026-02-14 13:14:08,0.0,0.0
189,JESUS STORE(SANKARANKOVIL MAIN ROAD),0,0.0,0.0,0.0,0.0,0.0,0.0,2026-02-14 13:14:08,2026-02-14 13:14:08,0.0,0.0
190,"JI STORE MKP NAGAR, TIRUCHENDUR ROAD",0,0.0,0.0,0.0,0.0,0.0,0.0,2026-02-14 13:14:08,2026-02-14 13:14:08,0.0,0.0
191,JJ FAMILY RESTAURANT(THACHAI BYEPASS),0,0.0,0.0,0.0,0.0,0.0,0.0,2026-02-14 13:14:08,2026-02-14 13:14:08,0.0,0.0
192,JJ HOTEL,0,0.0,0.0,0.0,0.0,0.0,0.0,2026-02-14 13:14:08,2026-02-14 13:14:08,0.0,0.0
193,JJ STORE MKP NAGAR TIRUCHENDHUR ROAD NEAR CHURCH,0,0.0,0.0,0.0,0.0,0.0,0.0,2026-02-14 13:14:08,2026-02-14 13:14:08,0.0,0.0
194,JOTHI COOL BAR (PVT),0,0.0,0.0,0.0,0.0,0.0,0.0,2026-02-14 13:14:08,2026-02-14 13:14:08,0.0,0.0
195,JOTHI STORE(JUNCTION WATER TANK NEAR),0,0.0,0.0,0.0,0.0,0.0,0.0,2026-02-14 13:14:08,2026-02-14 13:14:08,0.0,0.0
196,JOY HAPPY SUTHAMALLI,0,0.0,0.0,0.0,0.0,0.0,0.0,2026-02-14 13:14:08,2026-02-14 13:14:08,0.0,0.0
197,JRS FANCY NEAR OLD TALUK OFFC SRIVAIKUNDAM,0,0.0,0.0,0.0,0.0,0.0,0.0,2026-02-14 13:14:08,2026-02-14 13:14:08,0.0,0.0
198,"K.M FRUITS, EB OPPOSITE",0,0.0,0.0,0.0,0.0,0.0,0.0,2026-02-14 13:14:08,2026-02-14 13:14:08,0.0,0.0
199,K.RAJ BAKERY SWEETS AND KAARAM(NGO-A COLONY MAIN ROAD),0,0.0,0.0,0.0,0.0,0.0,0.0,2026-02-14 13:14:08,2026-02-14 13:14:08,0.0,0.0
200,K.V SWEETS AND SNACKS(MAANUR MAIN ROAD),0,0.0,0.0,0.0,0.0,0.0,0.0,2026-02-14 13:14:08,2026-02-14 13:14:08,0.0,0.0
201,KAALAI PASI UNAVAGAM(JUNCTION BUS STAND),0,0.0,0.0,0.0,0.0,0.0,0.0,2026-02-14 13:14:08,2026-02-14 13:14:08,0.0,0.0
202,KAKKAN NAGAR FUNCTION,0,0.0,0.0,0.0,0.0,0.0,0.0,2026-02-14 13:14:08,2026-02-14 13:14:08,0.0,0.0
203,KALANJIYAM SUPER MARKET REDDIARPATTI MAIN ROAD,0,0.0,0.0,0.0,0.0,0.0,0.0,2026-02-14 13:14:08,2026-02-14 13:14:08,0.0,0.0
204,KALLUR,0,0.0,0.0,0.0,0.0,0.0,0.0,2026-02-14 13:14:08,2026-02-14 13:14:08,0.0,0.0
205,KALYANIKUMAR STORE PETTAI CHEKKADI MEDICARE LAV,0,0.0,0.0,0.0,0.0,0.0,0.0,2026-02-14 13:14:08,2026-02-14 13:14:08,0.0,0.0
206,KAMALA STORE PERUMALPURAM,0,0.0,0.0,0.0,0.0,0.0,0.0,2026-02-14 13:14:08,2026-02-14 13:14:08,0.0,0.0
207,KAMALA STORE(JUNCTION),0,0.0,0.0,0.0,0.0,0.0,0.0,2026-02-14 13:14:08,2026-02-14 13:14:08,0.0,0.0
208,"KANI COOL BAR, KRISHNAPURAM",0,0.0,0.0,0.0,0.0,0.0,0.0,2026-02-14 13:14:08,2026-02-14 13:14:08,0.0,0.0
209,KANJIPURAM SUPER MARKET(REDDIARPATTI ROAD),0,0.0,0.0,0.0,0.0,0.0,0.0,2026-02-14 13:14:08,2026-02-14 13:14:08,0.0,0.0
210,KARPAGA VINAYAGAR STORE(RAMALAKSHMI ROAD),0,0.0,0.0,0.0,0.0,0.0,0.0,2026-02-14 13:14:08,2026-02-14 13:14:08,0.0,0.0
211,KARUVELRAJA STORE SOUTH BAJAR PSP MAHAL OPP,0,0.0,0.0,0.0,0.0,0.0,0.0,2026-02-14 13:14:08,2026-02-14 13:14:08,0.0,0.0
212,KASITHANGAM STORE PERUMALPURAM,0,0.0,0.0,0.0,0.0,0.0,0.0,2026-02-14 13:14:08,2026-02-14 13:14:08,0.0,0.0
213,KAVITHA AGENCY KOVILPATTI\,0,0.0,0.0,0.0,0.0,0.0,0.0,2026-02-14 13:14:08,2026-02-14 13:14:08,0.0,0.0
214,KN STORE EB ROAD GANESH NAGAR,0,0.0,0.0,0.0,0.0,0.0,0.0,2026-02-14 13:14:08,2026-02-14 13:14:08,0.0,0.0
215,KONGUNTHANPARAI MARRIAGE EVENT,0,0.0,0.0,0.0,0.0,0.0,0.0,2026-02-14 13:14:08,2026-02-14 13:14:08,0.0,0.0
216,KRISHNA PANNAI PAAL(VANNARPETTAI),0,0.0,0.0,0.0,0.0,0.0,0.0,2026-02-14 13:14:08,2026-02-14 13:14:08,0.0,0.0
217,KRISHNA STORE RAJAVVALLIPURAM ROAD,0,0.0,0.0,0.0,0.0,0.0,0.0,2026-02-14 13:14:08,2026-02-14 13:14:08,0.0,0.0
218,KUDANGULAM,0,0.0,0.0,0.0,0.0,0.0,0.0,2026-02-14 13:14:08,2026-02-14 13:14:08,0.0,0.0
219,KUMARAN STORE MELAPALAYAM,0,0.0,0.0,0.0,0.0,0.0,0.0,2026-02-14 13:14:08,2026-02-14 13:14:08,0.0,0.0
220,KUMBAKONAM DEGREE COFFEE,0,0.0,0.0,0.0,0.0,0.0,0.0,2026-02-14 13:14:08,2026-02-14 13:14:08,0.0,0.0
221,KUSBHU TEA STALL JUNCTION,0,0.0,0.0,0.0,0.0,0.0,0.0,2026-02-14 13:14:08,2026-02-14 13:14:08,0.0,0.0
222,KUTTI PANNAI STORE (GOKUL TEA OPP),0,0.0,0.0,0.0,0.0,0.0,0.0,2026-02-14 13:14:08,2026-02-14 13:14:08,0.0,0.0
223,KUTTI STORE THIRUMAL NAGAR,0,0.0,0.0,0.0,0.0,0.0,0.0,2026-02-14 13:14:08,2026-02-14 13:14:08,0.0,0.0
224,KUTTY STORE,0,0.0,0.0,0.0,0.0,0.0,0.0,2026-02-14 13:14:08,2026-02-14 13:14:08,0.0,0.0
225,LAWRENCE PALAMUTHIRSOLAI SAMATHANAPURAM PALAY,0,0.0,0.0,0.0,0.0,0.0,0.0,2026-02-14 13:14:08,2026-02-14 13:14:08,0.0,0.0
226,LINE SALES,0,0.0,0.0,0.0,0.0,0.0,0.0,2026-02-14 13:14:08,2026-02-14 13:14:08,0.0,0.0
227,LION FLEX,0,0.0,0.0,0.0,0.0,0.0,0.0,2026-02-14 13:14:08,2026-02-14 13:14:08,0.0,0.0
228,LUCKY TEA STALL THACHAI,0,0.0,0.0,0.0,0.0,0.0,0.0,2026-02-14 13:14:08,2026-02-14 13:14:08,0.0,0.0
229,"M.A.S STORE, SANKAR NAGAR EB ROAD",0,0.0,0.0,0.0,0.0,0.0,0.0,2026-02-14 13:14:08,2026-02-14 13:14:08,0.0,0.0
230,M.JEYAGANESH PALAMUTHIRSOLAI(MANUR),0,0.0,0.0,0.0,0.0,0.0,0.0,2026-02-14 13:14:08,2026-02-14 13:14:08,0.0,0.0
231,M.M ATORE SOUTH BAJAR,0,0.0,0.0,0.0,0.0,0.0,0.0,2026-02-14 13:14:08,2026-02-14 13:14:08,0.0,0.0
232,M.PERUMAL TEA STALL(RAGHU SAKTHI),0,0.0,0.0,0.0,0.0,0.0,0.0,2026-02-14 13:14:08,2026-02-14 13:14:08,0.0,0.0
233,M.R.V COOL DRINKS(KATCHIMANDAPAM),0,0.0,0.0,0.0,0.0,0.0,0.0,2026-02-14 13:14:08,2026-02-14 13:14:08,0.0,0.0
234,M.S STORE RAMAYANPATTI,0,0.0,0.0,0.0,0.0,0.0,0.0,2026-02-14 13:14:08,2026-02-14 13:14:08,0.0,0.0
235,M.S STORE SANTHINAGAR SEVALAPERI ROAD,0,0.0,0.0,0.0,0.0,0.0,0.0,2026-02-14 13:14:08,2026-02-14 13:14:08,0.0,0.0
236,MAARA AGENCY,0,0.0,0.0,0.0,0.0,0.0,0.0,2026-02-14 13:14:08,2026-02-14 13:14:08,0.0,0.0
237,MAARA BAKERY,0,0.0,0.0,0.0,0.0,0.0,0.0,2026-02-14 13:14:08,2026-02-14 13:14:08,0.0,0.0
238,MADHA TEA STALL KRISHNA KOVIL,0,0.0,0.0,0.0,0.0,0.0,0.0,2026-02-14 13:14:08,2026-02-14 13:14:08,0.0,0.0
239,MADHU BALA HOSPITAL,0,0.0,0.0,0.0,0.0,0.0,0.0,2026-02-14 13:14:08,2026-02-14 13:14:08,0.0,0.0
240,MADINA PALAKADAI MANUR,0,0.0,0.0,0.0,0.0,0.0,0.0,2026-02-14 13:14:08,2026-02-14 13:14:08,0.0,0.0
241,MADURAH STORE JAYENDRA SCHOOL STREET,0,0.0,0.0,0.0,0.0,0.0,0.0,2026-02-14 13:14:08,2026-02-14 13:14:08,0.0,0.0
242,MAGHILINI TEA COFFEE(D.A.M OPPOSITE ROUNDANA),0,0.0,0.0,0.0,0.0,0.0,0.0,2026-02-14 13:14:08,2026-02-14 13:14:08,0.0,0.0
243,MAHA SWEETS AND BAKERIES( RAM THEATRE),0,0.0,0.0,0.0,0.0,0.0,0.0,2026-02-14 13:14:08,2026-02-14 13:14:08,0.0,0.0
244,MAHA VAISHNAVI FRUIT,0,0.0,0.0,0.0,0.0,0.0,0.0,2026-02-14 13:14:08,2026-02-14 13:14:08,0.0,0.0
245,"MAHARAJA FRESH CORNER, MS UNIVERSITY OPP",0,0.0,0.0,0.0,0.0,0.0,0.0,2026-02-14 13:14:08,2026-02-14 13:14:08,0.0,0.0
246,MAHARAJA MALLIGAI (CHEKKADI),0,0.0,0.0,0.0,0.0,0.0,0.0,2026-02-14 13:14:08,2026-02-14 13:14:08,0.0,0.0
247,"MAHARAJA MALLIGAI (CHEKKADI), thiruthu road",0,0.0,0.0,0.0,0.0,0.0,0.0,2026-02-14 13:14:08,2026-02-14 13:14:08,0.0,0.0
248,MAHARAJA STORE RAJAVALLIPURAM,0,0.0,0.0,0.0,0.0,0.0,0.0,2026-02-14 13:14:08,2026-02-14 13:14:08,0.0,0.0
249,MAHESH TEA STALL CN VILLAGE,0,0.0,0.0,0.0,0.0,0.0,0.0,2026-02-14 13:14:08,2026-02-14 13:14:08,0.0,0.0
250,MALLIGA STORE T-NAGAR,0,0.0,0.0,0.0,0.0,0.0,0.0,2026-02-14 13:14:08,2026-02-14 13:14:08,0.0,0.0
251,"MANI COOLBAR, MAHARAJANAGAR(WINESHOP OPP)",0,0.0,0.0,0.0,0.0,0.0,0.0,2026-02-14 13:14:08,2026-02-14 13:14:08,0.0,0.0
252,MANI TEA STALL(PERUMALBURAM),0,0.0,0.0,0.0,0.0,0.0,0.0,2026-02-14 13:14:08,2026-02-14 13:14:08,0.0,0.0
253,MANO STORE SANTHI NAGAR 6TH MAIN ROAD,0,0.0,0.0,0.0,0.0,0.0,0.0,2026-02-14 13:14:08,2026-02-14 13:14:08,0.0,0.0
254,MARIS TEA STALL,0,0.0,0.0,0.0,0.0,0.0,0.0,2026-02-14 13:14:08,2026-02-14 13:14:08,0.0,0.0
255,MARIYA BERNAD AMMAN SANNATHI STREET TOWN,0,0.0,0.0,0.0,0.0,0.0,0.0,2026-02-14 13:14:08,2026-02-14 13:14:08,0.0,0.0
256,MARRIAGE ORDER PETTAI,0,0.0,0.0,0.0,0.0,0.0,0.0,2026-02-14 13:14:08,2026-02-14 13:14:08,0.0,0.0
257,"MASS COOL BAR(NEAR VENUS OPTICALS, VAIKAL PALAM)",0,0.0,0.0,0.0,0.0,0.0,0.0,2026-02-14 13:14:08,2026-02-14 13:14:08,0.0,0.0
258,MASS STORE KALLANAI SCHOOL OPP,0,0.0,0.0,0.0,0.0,0.0,0.0,2026-02-14 13:14:08,2026-02-14 13:14:08,0.0,0.0
259,MATHESH TEA STALL(KURUKUTHARAI),0,0.0,0.0,0.0,0.0,0.0,0.0,2026-02-14 13:14:08,2026-02-14 13:14:08,0.0,0.0
260,MATHI SUJATHA PETTAI ITI,0,0.0,0.0,0.0,0.0,0.0,0.0,2026-02-14 13:14:08,2026-02-14 13:14:08,0.0,0.0
261,MAYURAH BAKERY,0,0.0,0.0,0.0,0.0,0.0,0.0,2026-02-14 13:14:08,2026-02-14 13:14:08,0.0,0.0
262,MDT SCHOOL,0,0.0,0.0,0.0,0.0,0.0,0.0,2026-02-14 13:14:08,2026-02-14 13:14:08,0.0,0.0
263,MEENA CAFE(HIGH GROUND ROAD),0,0.0,0.0,0.0,0.0,0.0,0.0,2026-02-14 13:14:08,2026-02-14 13:14:08,0.0,0.0
264,MINA MART,0,0.0,0.0,0.0,0.0,0.0,0.0,2026-02-14 13:14:08,2026-02-14 13:14:08,0.0,0.0
265,MINARVA BAKERY MAHARAJA NAGAR,0,0.0,0.0,0.0,0.0,0.0,0.0,2026-02-14 13:14:08,2026-02-14 13:14:08,0.0,0.0
266,MKL STORE MELAPALAYAM ROUNDANA,0,0.0,0.0,0.0,0.0,0.0,0.0,2026-02-14 13:14:08,2026-02-14 13:14:08,0.0,0.0
267,MOHAN FANCY AR LINE,0,0.0,0.0,0.0,0.0,0.0,0.0,2026-02-14 13:14:08,2026-02-14 13:14:08,0.0,0.0
268,MOORTHI STORE LITTLE FLOWER SCHOOL NEAR PETTAI,0,0.0,0.0,0.0,0.0,0.0,0.0,2026-02-14 13:14:08,2026-02-14 13:14:08,0.0,0.0
269,MR. WHITE FRIED CHICKEN GOODOWN NEAR,0,0.0,0.0,0.0,0.0,0.0,0.0,2026-02-14 13:14:08,2026-02-14 13:14:08,0.0,0.0
270,MS STORE CN VILLAGE(SRI RAJAGOPAL TEMPLE OPP),0,0.0,0.0,0.0,0.0,0.0,0.0,2026-02-14 13:14:08,2026-02-14 13:14:08,0.0,0.0
271,MS STORE SANTHI NAGAR SEVALAPERI ROAD,0,0.0,0.0,0.0,0.0,0.0,0.0,2026-02-14 13:14:08,2026-02-14 13:14:08,0.0,0.0
272,MS UNIVERSITY CANTEEN,0,0.0,0.0,0.0,0.0,0.0,0.0,2026-02-14 13:14:08,2026-02-14 13:14:08,0.0,0.0
273,"MSM BAKERY AND SWEETS(NGO-A COLONY, JEBA GARDEN)",0,0.0,0.0,0.0,0.0,0.0,0.0,2026-02-14 13:14:08,2026-02-14 13:14:08,0.0,0.0
274,MUGUNTHAN STORE(GOBALASAMUTHIRAM ROAD),0,0.0,0.0,0.0,0.0,0.0,0.0,2026-02-14 13:14:08,2026-02-14 13:14:08,0.0,0.0
275,MUKUND STORE. GOPALASAMUTHRAM ROAD,0,0.0,0.0,0.0,0.0,0.0,0.0,2026-02-14 13:14:08,2026-02-14 13:14:08,0.0,0.0
276,MURUGAN PALAKADAI,0,0.0,0.0,0.0,0.0,0.0,0.0,2026-02-14 13:14:08,2026-02-14 13:14:08,0.0,0.0
277,MURUGAN STORE VANNARPETTAI,0,0.0,0.0,0.0,0.0,0.0,0.0,2026-02-14 13:14:08,2026-02-14 13:14:08,0.0,0.0
278,MURUGAN STORE(TIRUCHENDUR MAIN ROAD),0,0.0,0.0,0.0,0.0,0.0,0.0,2026-02-14 13:14:08,2026-02-14 13:14:08,0.0,0.0
279,MURUGAN TEA STALL (ANNAIVELANGANI NEAR),0,0.0,0.0,0.0,0.0,0.0,0.0,2026-02-14 13:14:08,2026-02-14 13:14:08,0.0,0.0
280,MUTHU KITCHEN EB ROAD,0,0.0,0.0,0.0,0.0,0.0,0.0,2026-02-14 13:14:08,2026-02-14 13:14:08,0.0,0.0
281,MUTHU STORE SOUTH BAJAR,0,0.0,0.0,0.0,0.0,0.0,0.0,2026-02-14 13:14:08,2026-02-14 13:14:08,0.0,0.0
282,"MUTHURAM JUICE CORNER NEAR MASSA HOTEL, SOUTH BAJAR",0,0.0,0.0,0.0,0.0,0.0,0.0,2026-02-14 13:14:08,2026-02-14 13:14:08,0.0,0.0
283,MYDEEN STORE SANKAR NAGAR PALLIVASAL ROAD,0,0.0,0.0,0.0,0.0,0.0,0.0,2026-02-14 13:14:08,2026-02-14 13:14:08,0.0,0.0
284,MYMOON STORE,0,0.0,0.0,0.0,0.0,0.0,0.0,2026-02-14 13:14:08,2026-02-14 13:14:08,0.0,0.0
285,NALLAIYA STORES,0,0.0,0.0,0.0,0.0,0.0,0.0,2026-02-14 13:14:08,2026-02-14 13:14:08,0.0,0.0
286,NAMMA HOTEL,0,0.0,0.0,0.0,0.0,0.0,0.0,2026-02-14 13:14:08,2026-02-14 13:14:08,0.0,0.0
287,"NAMMA TEA KADAI(AAMINPURAM 7TH STREET, MELAPALAYAM)",0,0.0,0.0,0.0,0.0,0.0,0.0,2026-02-14 13:14:08,2026-02-14 13:14:08,0.0,0.0
288,NAMMA TEA STORE(TIRUNCHENDUR),0,0.0,0.0,0.0,0.0,0.0,0.0,2026-02-14 13:14:08,2026-02-14 13:14:08,0.0,0.0
289,NANDHINI MALLIGAI STORE(V.M CHATRAM),0,0.0,0.0,0.0,0.0,0.0,0.0,2026-02-14 13:14:08,2026-02-14 13:14:08,0.0,0.0
290,NANI CHAI(melapalayam),0,0.0,0.0,0.0,0.0,0.0,0.0,2026-02-14 13:14:08,2026-02-14 13:14:08,0.0,0.0
291,NARASIMA STORE PETTAI MILL,0,0.0,0.0,0.0,0.0,0.0,0.0,2026-02-14 13:14:08,2026-02-14 13:14:08,0.0,0.0
292,NATRAJ BHAVAN,0,0.0,0.0,0.0,0.0,0.0,0.0,2026-02-14 13:14:08,2026-02-14 13:14:08,0.0,0.0
293,NATRAJ STORE NGO COLONY,0,0.0,0.0,0.0,0.0,0.0,0.0,2026-02-14 13:14:08,2026-02-14 13:14:08,0.0,0.0
294,NATRAJ STORE(OPP RTO OFFICE),0,0.0,0.0,0.0,0.0,0.0,0.0,2026-02-14 13:14:08,2026-02-14 13:14:08,0.0,0.0
295,NAVEENA TEA STALL (JUNCTION BRIDGE UNDER),0,0.0,0.0,0.0,0.0,0.0,0.0,2026-02-14 13:14:08,2026-02-14 13:14:08,0.0,0.0
296,NAVINA TEA STALL (TOWN BRIDGE),0,0.0,0.0,0.0,0.0,0.0,0.0,2026-02-14 13:14:08,2026-02-14 13:14:08,0.0,0.0
297,NAWAB TEA STALL(LAKSHMI THEATRE OPP),0,0.0,0.0,0.0,0.0,0.0,0.0,2026-02-14 13:14:08,2026-02-14 13:14:08,0.0,0.0
298,NAWAB THAMBI TEA STALL,0,0.0,0.0,0.0,0.0,0.0,0.0,2026-02-14 13:14:08,2026-02-14 13:14:08,0.0,0.0
299,NELLAI BUHARI HOTEL(VANNARPETTAI),0,0.0,0.0,0.0,0.0,0.0,0.0,2026-02-14 13:14:08,2026-02-14 13:14:08,0.0,0.0
300,NELLAI GREEN,0,0.0,0.0,0.0,0.0,0.0,0.0,2026-02-14 13:14:08,2026-02-14 13:14:08,0.0,0.0
301,"NELLAI GREEN KAAIKANI VIYABVARAM(UAMIPURAM,V 7THV STREET)",0,0.0,0.0,0.0,0.0,0.0,0.0,2026-02-14 13:14:08,2026-02-14 13:14:08,0.0,0.0
302,NELLAI KOORAIKADAI MADURAI BYEPASS PETROL BUNK OPP,0,0.0,0.0,0.0,0.0,0.0,0.0,2026-02-14 13:14:08,2026-02-14 13:14:08,0.0,0.0
303,NELLAI KRISHNA PAL PANNAI,0,0.0,0.0,0.0,0.0,0.0,0.0,2026-02-14 13:14:08,2026-02-14 13:14:08,0.0,0.0
304,NELLAI MAPLA MESS,0,0.0,0.0,0.0,0.0,0.0,0.0,2026-02-14 13:14:08,2026-02-14 13:14:08,0.0,0.0
305,NELLAI MART VANNARAPETTAI(S.K ARYA INSIDE),0,0.0,0.0,0.0,0.0,0.0,0.0,2026-02-14 13:14:08,2026-02-14 13:14:08,0.0,0.0
306,"NELLAIAPPAR UNAVAGAM TOWN, SWAMI SANTHI STREET)",0,0.0,0.0,0.0,0.0,0.0,0.0,2026-02-14 13:14:08,2026-02-14 13:14:08,0.0,0.0
307,NEW ARCHANA CAFE MADURAI ROAD,0,0.0,0.0,0.0,0.0,0.0,0.0,2026-02-14 13:14:08,2026-02-14 13:14:08,0.0,0.0
308,NEW CHITHRA STORE( SRIPURAM POST OFFICE OPP),0,0.0,0.0,0.0,0.0,0.0,0.0,2026-02-14 13:14:08,2026-02-14 13:14:08,0.0,0.0
309,"NEW CRESCENT SNACKS(CHANDRA SWEETS NEAR, JUNCTION)",0,0.0,0.0,0.0,0.0,0.0,0.0,2026-02-14 13:14:08,2026-02-14 13:14:08,0.0,0.0
310,NEW PULAVAR SUPERMARKET KRISHNANKOVIL PALAY MARKET,0,0.0,0.0,0.0,0.0,0.0,0.0,2026-02-14 13:14:08,2026-02-14 13:14:08,0.0,0.0
311,"NEW RAJA PALAMUTHIRSOLAI, PETTAI ROAD(SANTHIGANESH BAKERY NEAR)",0,0.0,0.0,0.0,0.0,0.0,0.0,2026-02-14 13:14:08,2026-02-14 13:14:08,0.0,0.0
312,NEW RAJA TEA STALL TOWN POTHYS OPP,0,0.0,0.0,0.0,0.0,0.0,0.0,2026-02-14 13:14:08,2026-02-14 13:14:08,0.0,0.0
313,NEW RUCHI NEW BUSSTAND,0,0.0,0.0,0.0,0.0,0.0,0.0,2026-02-14 13:14:08,2026-02-14 13:14:08,0.0,0.0
314,NEW SRI MAHALAKSHMI IYENGAR,0,0.0,0.0,0.0,0.0,0.0,0.0,2026-02-14 13:14:08,2026-02-14 13:14:08,0.0,0.0
315,NEW SUPREME BAKERY,0,0.0,0.0,0.0,0.0,0.0,0.0,2026-02-14 13:14:08,2026-02-14 13:14:08,0.0,0.0
316,NIJAM COOL BAR(ATCHAYA BACKSIDE ROUNDANA),0,0.0,0.0,0.0,0.0,0.0,0.0,2026-02-14 13:14:08,2026-02-14 13:14:08,0.0,0.0
317,"NIJAM STORE (CHEKKADI THIRUTHU THERU, PETTAI)",0,0.0,0.0,0.0,0.0,0.0,0.0,2026-02-14 13:14:08,2026-02-14 13:14:08,0.0,0.0
318,NITHYA SUPER MARKET (THIYAGARAJA NAGAR),0,0.0,0.0,0.0,0.0,0.0,0.0,2026-02-14 13:14:08,2026-02-14 13:14:08,0.0,0.0
319,NO NAME MELAPALAYAM,0,0.0,0.0,0.0,0.0,0.0,0.0,2026-02-14 13:14:08,2026-02-14 13:14:08,0.0,0.0
320,NYANAM STORE THACHAI,0,0.0,0.0,0.0,0.0,0.0,0.0,2026-02-14 13:14:08,2026-02-14 13:14:08,0.0,0.0
321,OM CHAIRMANE STORE,0,0.0,0.0,0.0,0.0,0.0,0.0,2026-02-14 13:14:08,2026-02-14 13:14:08,0.0,0.0
322,OM MURUGA STORE BALABAGYA NAGAR,0,0.0,0.0,0.0,0.0,0.0,0.0,2026-02-14 13:14:08,2026-02-14 13:14:08,0.0,0.0
323,OM SAI TEA STALL TOWN THACHAI,0,0.0,0.0,0.0,0.0,0.0,0.0,2026-02-14 13:14:08,2026-02-14 13:14:08,0.0,0.0
324,OSCAR STORE PERUMALPURAM,0,0.0,0.0,0.0,0.0,0.0,0.0,2026-02-14 13:14:08,2026-02-14 13:14:08,0.0,0.0
325,P. MANI STORE MELAPALAYAM,0,0.0,0.0,0.0,0.0,0.0,0.0,2026-02-14 13:14:08,2026-02-14 13:14:08,0.0,0.0
326,P.M. TEA STALL(KARUNGULAM ROAD),0,0.0,0.0,0.0,0.0,0.0,0.0,2026-02-14 13:14:08,2026-02-14 13:14:08,0.0,0.0
327,P.RAJENDHIRAN STORE PERUMALPURAM,0,0.0,0.0,0.0,0.0,0.0,0.0,2026-02-14 13:14:08,2026-02-14 13:14:08,0.0,0.0
328,P.S STORE MANUR,0,0.0,0.0,0.0,0.0,0.0,0.0,2026-02-14 13:14:08,2026-02-14 13:14:08,0.0,0.0
329,P.S STORE THACHAI,0,0.0,0.0,0.0,0.0,0.0,0.0,2026-02-14 13:14:08,2026-02-14 13:14:08,0.0,0.0
330,P.V.K SUPER MARKET(KURICHI),0,0.0,0.0,0.0,0.0,0.0,0.0,2026-02-14 13:14:08,2026-02-14 13:14:08,0.0,0.0
331,PAAL PANDI STORE(PERIYAR NAGAR),0,0.0,0.0,0.0,0.0,0.0,0.0,2026-02-14 13:14:08,2026-02-14 13:14:08,0.0,0.0
332,PALANI MURUGAN SHOPPING,0,0.0,0.0,0.0,0.0,0.0,0.0,2026-02-14 13:14:08,2026-02-14 13:14:08,0.0,0.0
333,PALKANI KRISHNAPURAM,0,0.0,0.0,0.0,0.0,0.0,0.0,2026-02-14 13:14:08,2026-02-14 13:14:08,0.0,0.0
334,PALMYRA GRAND IN,0,0.0,0.0,0.0,0.0,0.0,0.0,2026-02-14 13:14:08,2026-02-14 13:14:08,0.0,0.0
335,PANDIYAN STORE TOWN KEELA RATHA VITHI,0,0.0,0.0,0.0,0.0,0.0,0.0,2026-02-14 13:14:08,2026-02-14 13:14:08,0.0,0.0
336,PARAKATH STORE SIVAN THERU RATHA VITHI,0,0.0,0.0,0.0,0.0,0.0,0.0,2026-02-14 13:14:08,2026-02-14 13:14:08,0.0,0.0
337,PARAMBARIYA KARUPATTI COFFEE(MELAPALAYAM,0,0.0,0.0,0.0,0.0,0.0,0.0,2026-02-14 13:14:08,2026-02-14 13:14:08,0.0,0.0
338,PARAMESWARI BALABAGYA NAGAR,0,0.0,0.0,0.0,0.0,0.0,0.0,2026-02-14 13:14:08,2026-02-14 13:14:08,0.0,0.0
339,PARITH MILK & COOL DRINKS MELAPALAYAM,0,0.0,0.0,0.0,0.0,0.0,0.0,2026-02-14 13:14:08,2026-02-14 13:14:08,0.0,0.0
340,"PARVATHY STORE(CHEKKADI, PETTAI)",0,0.0,0.0,0.0,0.0,0.0,0.0,2026-02-14 13:14:08,2026-02-14 13:14:08,0.0,0.0
341,PASEERA STORE,0,0.0,0.0,0.0,0.0,0.0,0.0,2026-02-14 13:14:08,2026-02-14 13:14:08,0.0,0.0
342,PASUMPAL THENIR KADAI(VAGEDI MUKKU),0,0.0,0.0,0.0,0.0,0.0,0.0,2026-02-14 13:14:08,2026-02-14 13:14:08,0.0,0.0
343,PAVITHRA STORE CN VILLAGE,0,0.0,0.0,0.0,0.0,0.0,0.0,2026-02-14 13:14:08,2026-02-14 13:14:08,0.0,0.0
344,"PETHANACHI STORE, SANTHI NAGAR",0,0.0,0.0,0.0,0.0,0.0,0.0,2026-02-14 13:14:08,2026-02-14 13:14:08,0.0,0.0
345,"PINKY COOL DRINKS(MURUGANKURICHI, HOTEL RUCHI NEAR)",0,0.0,0.0,0.0,0.0,0.0,0.0,2026-02-14 13:14:08,2026-02-14 13:14:08,0.0,0.0
346,PKS VEGETABLES,0,0.0,0.0,0.0,0.0,0.0,0.0,2026-02-14 13:14:08,2026-02-14 13:14:08,0.0,0.0
347,PM TEA,0,0.0,0.0,0.0,0.0,0.0,0.0,2026-02-14 13:14:08,2026-02-14 13:14:08,0.0,0.0
348,PONNUSAMY STORE SANKARNAGAR,0,0.0,0.0,0.0,0.0,0.0,0.0,2026-02-14 13:14:08,2026-02-14 13:14:08,0.0,0.0
349,"PONRAJ STORE(MANGAMMAL SALAI, KTC NAGAR)",0,0.0,0.0,0.0,0.0,0.0,0.0,2026-02-14 13:14:08,2026-02-14 13:14:08,0.0,0.0
350,PONRAJ STORE(MANUR),0,0.0,0.0,0.0,0.0,0.0,0.0,2026-02-14 13:14:08,2026-02-14 13:14:08,0.0,0.0
351,POORANI STORE,0,0.0,0.0,0.0,0.0,0.0,0.0,2026-02-14 13:14:08,2026-02-14 13:14:08,0.0,0.0
352,"PREEDA STORE(ANBUNAGAR, PERUMALBURAM)",0,0.0,0.0,0.0,0.0,0.0,0.0,2026-02-14 13:14:08,2026-02-14 13:14:08,0.0,0.0
353,PREETHI TEA COFFEE(KRISHNA HOSPITAL OPPOSITE),0,0.0,0.0,0.0,0.0,0.0,0.0,2026-02-14 13:14:08,2026-02-14 13:14:08,0.0,0.0
354,PSN CANTEEN 1,0,0.0,0.0,0.0,0.0,0.0,0.0,2026-02-14 13:14:08,2026-02-14 13:14:08,0.0,0.0
355,PSS CANTEEN 2,0,0.0,0.0,0.0,0.0,0.0,0.0,2026-02-14 13:14:08,2026-02-14 13:14:08,0.0,0.0
356,PUGALENTHI RAJA TEA STALL(PETTAI RAILWAY GATE NEAR),0,0.0,0.0,0.0,0.0,0.0,0.0,2026-02-14 13:14:08,2026-02-14 13:14:08,0.0,0.0
357,PVK SUPERMARKET KURICHI,0,0.0,0.0,0.0,0.0,0.0,0.0,2026-02-14 13:14:08,2026-02-14 13:14:08,0.0,0.0
358,R.D.S STORE TOWN,0,0.0,0.0,0.0,0.0,0.0,0.0,2026-02-14 13:14:08,2026-02-14 13:14:08,0.0,0.0
359,R.P XEROX RANI ANNA COLLEGE OPP,0,0.0,0.0,0.0,0.0,0.0,0.0,2026-02-14 13:14:08,2026-02-14 13:14:08,0.0,0.0
360,"R.S SNACKS(OPPOSITE TO PETROL BULK, DUCCAMALPURAM)",0,0.0,0.0,0.0,0.0,0.0,0.0,2026-02-14 13:14:08,2026-02-14 13:14:08,0.0,0.0
361,R.S.S MANIAN ANGADI HIGHGROUND BACKSIDE,0,0.0,0.0,0.0,0.0,0.0,0.0,2026-02-14 13:14:08,2026-02-14 13:14:08,0.0,0.0
362,RAHMAN STATIONARY(SOOTHAMALLI),0,0.0,0.0,0.0,0.0,0.0,0.0,2026-02-14 13:14:08,2026-02-14 13:14:08,0.0,0.0
363,RAHMATH HOTEL RASTHA,0,0.0,0.0,0.0,0.0,0.0,0.0,2026-02-14 13:14:08,2026-02-14 13:14:08,0.0,0.0
364,RAJ MALLIGAI STORE THACHAI,0,0.0,0.0,0.0,0.0,0.0,0.0,2026-02-14 13:14:08,2026-02-14 13:14:08,0.0,0.0
365,RAJ STORE,0,0.0,0.0,0.0,0.0,0.0,0.0,2026-02-14 13:14:08,2026-02-14 13:14:08,0.0,0.0
366,RAJ STORE BYPASS,0,0.0,0.0,0.0,0.0,0.0,0.0,2026-02-14 13:14:08,2026-02-14 13:14:08,0.0,0.0
367,RAJ STORE THACHAI,0,0.0,0.0,0.0,0.0,0.0,0.0,2026-02-14 13:14:08,2026-02-14 13:14:08,0.0,0.0
368,RAJ STORE(NEAR DHASH PAAL PANNAI),0,0.0,0.0,0.0,0.0,0.0,0.0,2026-02-14 13:14:08,2026-02-14 13:14:08,0.0,0.0
369,RAJA FRUIT KODISWARNAGAR,0,0.0,0.0,0.0,0.0,0.0,0.0,2026-02-14 13:14:08,2026-02-14 13:14:08,0.0,0.0
370,"RAJA PALAMUTHIRSOLAI(KARUNYA NAGAR, SP OFFICE NEAR)",0,0.0,0.0,0.0,0.0,0.0,0.0,2026-02-14 13:14:08,2026-02-14 13:14:08,0.0,0.0
371,RAJA STORE CN VILLAGE,0,0.0,0.0,0.0,0.0,0.0,0.0,2026-02-14 13:14:08,2026-02-14 13:14:08,0.0,0.0
372,RAJAM SHOP AND MALLIGAI(MELAPALAYAM),0,0.0,0.0,0.0,0.0,0.0,0.0,2026-02-14 13:14:08,2026-02-14 13:14:08,0.0,0.0
373,RAJAM SNACKS RMKV OPP,0,0.0,0.0,0.0,0.0,0.0,0.0,2026-02-14 13:14:08,2026-02-14 13:14:08,0.0,0.0
374,RAJAM TEA STALL VAIRAMALIGAI ARUGIL,0,0.0,0.0,0.0,0.0,0.0,0.0,2026-02-14 13:14:08,2026-02-14 13:14:08,0.0,0.0
375,RAJENDRAN STORE,0,0.0,0.0,0.0,0.0,0.0,0.0,2026-02-14 13:14:08,2026-02-14 13:14:08,0.0,0.0
376,RAJENDRAN STORE THARAPURAM NEAR BETHEL SNACKS,0,0.0,0.0,0.0,0.0,0.0,0.0,2026-02-14 13:14:08,2026-02-14 13:14:08,0.0,0.0
377,RAM AGIL KARUMBUSAR KADAI SANTHI NAGAR SUPREME MOTOR,0,0.0,0.0,0.0,0.0,0.0,0.0,2026-02-14 13:14:08,2026-02-14 13:14:08,0.0,0.0
378,RAM SHOPPING JUNCTION,0,0.0,0.0,0.0,0.0,0.0,0.0,2026-02-14 13:14:08,2026-02-14 13:14:08,0.0,0.0
379,RAM STORE BOMBAY THEATRE NEAR,0,0.0,0.0,0.0,0.0,0.0,0.0,2026-02-14 13:14:08,2026-02-14 13:14:08,0.0,0.0
380,RAM THEATRE,0,0.0,0.0,0.0,0.0,0.0,0.0,2026-02-14 13:14:08,2026-02-14 13:14:08,0.0,0.0
381,"RAMA TEA STALL(MADURAI ROAD, CHECK POST NEAR)",0,0.0,0.0,0.0,0.0,0.0,0.0,2026-02-14 13:14:08,2026-02-14 13:14:08,0.0,0.0
382,RAMALAKSHMI STORE TOWN,0,0.0,0.0,0.0,0.0,0.0,0.0,2026-02-14 13:14:08,2026-02-14 13:14:08,0.0,0.0
383,RAMESH AGENCY REDDIARPATTI,0,0.0,0.0,0.0,0.0,0.0,0.0,2026-02-14 13:14:08,2026-02-14 13:14:08,0.0,0.0
384,RAMESH STORE THIMARAJAPURAM SEVALAPERI ROAD NEAR NILA HAIR STYLE,0,0.0,0.0,0.0,0.0,0.0,0.0,2026-02-14 13:14:08,2026-02-14 13:14:08,0.0,0.0
385,RANI ANNA COLLEGE CANTEEN,0,0.0,0.0,0.0,0.0,0.0,0.0,2026-02-14 13:14:08,2026-02-14 13:14:08,0.0,0.0
386,RASMAN STATIONARY SUTHAMALI,0,0.0,0.0,0.0,0.0,0.0,0.0,2026-02-14 13:14:08,2026-02-14 13:14:08,0.0,0.0
387,RATHI SWEETS MANUR,0,0.0,0.0,0.0,0.0,0.0,0.0,2026-02-14 13:14:08,2026-02-14 13:14:08,0.0,0.0
388,RATHY SWEETS MANUR,0,0.0,0.0,0.0,0.0,0.0,0.0,2026-02-14 13:14:08,2026-02-14 13:14:08,0.0,0.0
389,RAWUTHAS BAKERY THACHAI,0,0.0,0.0,0.0,0.0,0.0,0.0,2026-02-14 13:14:08,2026-02-14 13:14:08,0.0,0.0
390,REHOBATH STORE,0,0.0,0.0,0.0,0.0,0.0,0.0,2026-02-14 13:14:08,2026-02-14 13:14:08,0.0,0.0
391,REJI STORE THACHAI,0,0.0,0.0,0.0,0.0,0.0,0.0,2026-02-14 13:14:08,2026-02-14 13:14:08,0.0,0.0
392,REKHA STORES(VANNAPETTAI) SALAI STREET,0,0.0,0.0,0.0,0.0,0.0,0.0,2026-02-14 13:14:08,2026-02-14 13:14:08,0.0,0.0
393,REVATHI TEA STORE RASTHA,0,0.0,0.0,0.0,0.0,0.0,0.0,2026-02-14 13:14:08,2026-02-14 13:14:08,0.0,0.0
394,RITHIKA PAAL PANNAI(GOODOWN NEAR)\,0,0.0,0.0,0.0,0.0,0.0,0.0,2026-02-14 13:14:08,2026-02-14 13:14:08,0.0,0.0
395,ROSHAN TEA STALL SOUTH BAJAR POST OFFICE NEAR,0,0.0,0.0,0.0,0.0,0.0,0.0,2026-02-14 13:14:08,2026-02-14 13:14:08,0.0,0.0
396,ROYAL TEA STALL(VAGEDIMUKKU TOWN),0,0.0,0.0,0.0,0.0,0.0,0.0,2026-02-14 13:14:08,2026-02-14 13:14:08,0.0,0.0
397,RR STORE(MUNNERPALAM POLICE STATION OPP),0,0.0,0.0,0.0,0.0,0.0,0.0,2026-02-14 13:14:08,2026-02-14 13:14:08,0.0,0.0
398,RTO COOL DRINK,0,0.0,0.0,0.0,0.0,0.0,0.0,2026-02-14 13:14:08,2026-02-14 13:14:08,0.0,0.0
399,"RUBINA STORE, HAMIMPURAM, 4TH STREET, MELAPALAYAM",0,0.0,0.0,0.0,0.0,0.0,0.0,2026-02-14 13:14:08,2026-02-14 13:14:08,0.0,0.0
400,RUCHI JUICE CORNER SOUTH BAJAR NEAR BOOK SHOP(NEAR AYRATHAMMAN KOVIL),0,0.0,0.0,0.0,0.0,0.0,0.0,2026-02-14 13:14:08,2026-02-14 13:14:08,0.0,0.0
401,RUCHI TEA STALL PALAYAMKOTTAI,0,0.0,0.0,0.0,0.0,0.0,0.0,2026-02-14 13:14:08,2026-02-14 13:14:08,0.0,0.0
402,RUCHI TEA STALL(NEW BUS STAND),0,0.0,0.0,0.0,0.0,0.0,0.0,2026-02-14 13:14:08,2026-02-14 13:14:08,0.0,0.0
403,"S P R SUBAM SUPER MARKET(MANGAMMAL SALAI, KTC NAGAR)",0,0.0,0.0,0.0,0.0,0.0,0.0,2026-02-14 13:14:08,2026-02-14 13:14:08,0.0,0.0
404,S.ASIR KARUPATTI COFFEE(PSS THEATRE OPP),0,0.0,0.0,0.0,0.0,0.0,0.0,2026-02-14 13:14:08,2026-02-14 13:14:08,0.0,0.0
405,S.K ARYA TEA STALL(VANNARAPETTAI),0,0.0,0.0,0.0,0.0,0.0,0.0,2026-02-14 13:14:08,2026-02-14 13:14:08,0.0,0.0
406,S.M STORE,0,0.0,0.0,0.0,0.0,0.0,0.0,2026-02-14 13:14:08,2026-02-14 13:14:08,0.0,0.0
407,S.MURUGAN STORE(VANNARAPETTAI),0,0.0,0.0,0.0,0.0,0.0,0.0,2026-02-14 13:14:08,2026-02-14 13:14:08,0.0,0.0
408,S.P STORE MUTHURAMANKOVIL STREET,0,0.0,0.0,0.0,0.0,0.0,0.0,2026-02-14 13:14:08,2026-02-14 13:14:08,0.0,0.0
409,S.P STORE THACHAI,0,0.0,0.0,0.0,0.0,0.0,0.0,2026-02-14 13:14:08,2026-02-14 13:14:08,0.0,0.0
410,S.P SUPER MARKET THACHAI,0,0.0,0.0,0.0,0.0,0.0,0.0,2026-02-14 13:14:08,2026-02-14 13:14:08,0.0,0.0
411,SABARI STORE CN VILLAGE,0,0.0,0.0,0.0,0.0,0.0,0.0,2026-02-14 13:14:08,2026-02-14 13:14:08,0.0,0.0
412,SABARI TEA STALL(JUNCTION),0,0.0,0.0,0.0,0.0,0.0,0.0,2026-02-14 13:14:08,2026-02-14 13:14:08,0.0,0.0
413,SAGANA BAKERY,0,0.0,0.0,0.0,0.0,0.0,0.0,2026-02-14 13:14:08,2026-02-14 13:14:08,0.0,0.0
414,SAGIMA STORE SANKAR NAGAR PALLIVASAL,0,0.0,0.0,0.0,0.0,0.0,0.0,2026-02-14 13:14:08,2026-02-14 13:14:08,0.0,0.0
415,SAI CAFE(THIRUMAL NAGAR),0,0.0,0.0,0.0,0.0,0.0,0.0,2026-02-14 13:14:08,2026-02-14 13:14:08,0.0,0.0
416,SAI STATIONARY THACHAI,0,0.0,0.0,0.0,0.0,0.0,0.0,2026-02-14 13:14:08,2026-02-14 13:14:08,0.0,0.0
417,SAKTHI COFFEE BAR PONNAKUDI,0,0.0,0.0,0.0,0.0,0.0,0.0,2026-02-14 13:14:08,2026-02-14 13:14:08,0.0,0.0
418,SAMI COOL DRINKS RAJAVVALLIPURAM,0,0.0,0.0,0.0,0.0,0.0,0.0,2026-02-14 13:14:08,2026-02-14 13:14:08,0.0,0.0
419,SANGEETHA STORE SOOTHAMALLI,0,0.0,0.0,0.0,0.0,0.0,0.0,2026-02-14 13:14:08,2026-02-14 13:14:08,0.0,0.0
420,SANJAY IYENGAR BAKERY(NEAR SARAVANAS KULAVANIKAPURAM OPPOSITE),0,0.0,0.0,0.0,0.0,0.0,0.0,2026-02-14 13:14:08,2026-02-14 13:14:08,0.0,0.0
421,SANKAR STORE(GOODOWN OPPOSITE),0,0.0,0.0,0.0,0.0,0.0,0.0,2026-02-14 13:14:08,2026-02-14 13:14:08,0.0,0.0
422,SANTHANAMARI STORE PETTAI POST OFFICE OPP,0,0.0,0.0,0.0,0.0,0.0,0.0,2026-02-14 13:14:08,2026-02-14 13:14:08,0.0,0.0
423,SANTHI STORE (V.M CHATRAM),0,0.0,0.0,0.0,0.0,0.0,0.0,2026-02-14 13:14:08,2026-02-14 13:14:08,0.0,0.0
424,SANTHI SWEETS MENNAKSHI FAN HOUSE OPP JUNCTION,0,0.0,0.0,0.0,0.0,0.0,0.0,2026-02-14 13:14:08,2026-02-14 13:14:08,0.0,0.0
425,SANTHI TRADERS,0,0.0,0.0,0.0,0.0,0.0,0.0,2026-02-14 13:14:08,2026-02-14 13:14:08,0.0,0.0
426,"SANTHI VILAS UNAVAGAM, RATHNA THEATRE NEAR",0,0.0,0.0,0.0,0.0,0.0,0.0,2026-02-14 13:14:08,2026-02-14 13:14:08,0.0,0.0
427,SANTHI VINAYAGA SHOPPING VASANTH CELL OPP TOWN,0,0.0,0.0,0.0,0.0,0.0,0.0,2026-02-14 13:14:08,2026-02-14 13:14:08,0.0,0.0
428,SARASWATHI STORE THACHAI GOODOWN ARUGIL,0,0.0,0.0,0.0,0.0,0.0,0.0,2026-02-14 13:14:08,2026-02-14 13:14:08,0.0,0.0
429,"SARAVANA SHOPPING(MUNNERPALLAM, THARUVAI)",0,0.0,0.0,0.0,0.0,0.0,0.0,2026-02-14 13:14:08,2026-02-14 13:14:08,0.0,0.0
430,SARAVANA SWEETS SANKAR NAGAR,0,0.0,0.0,0.0,0.0,0.0,0.0,2026-02-14 13:14:08,2026-02-14 13:14:08,0.0,0.0
431,"SAROJA STORE, PEEDI COLONY, MELAPALAYAM",0,0.0,0.0,0.0,0.0,0.0,0.0,2026-02-14 13:14:08,2026-02-14 13:14:08,0.0,0.0
432,SATHYAS CAFE REDDIARPATTI,0,0.0,0.0,0.0,0.0,0.0,0.0,2026-02-14 13:14:08,2026-02-14 13:14:08,0.0,0.0
433,SATHYAS DUCCAMALPURAM,0,0.0,0.0,0.0,0.0,0.0,0.0,2026-02-14 13:14:08,2026-02-14 13:14:08,0.0,0.0
434,SCHAFTER SCHOOL(TOWN),0,0.0,0.0,0.0,0.0,0.0,0.0,2026-02-14 13:14:08,2026-02-14 13:14:08,0.0,0.0
435,SCIENCE CENTRE,0,0.0,0.0,0.0,0.0,0.0,0.0,2026-02-14 13:14:08,2026-02-14 13:14:08,0.0,0.0
436,SEHTHORAN SNACKE VANNERPETTAI,0,0.0,0.0,0.0,0.0,0.0,0.0,2026-02-14 13:14:08,2026-02-14 13:14:08,0.0,0.0
437,SELVA GANAPATHI STORE DEVENDRA SCHOOL ROAD SANKAR NAGAR,0,0.0,0.0,0.0,0.0,0.0,0.0,2026-02-14 13:14:08,2026-02-14 13:14:08,0.0,0.0
438,"SELVAM MILK AGENCY (VEDHA PAAL, PERUMALBURAM)",0,0.0,0.0,0.0,0.0,0.0,0.0,2026-02-14 13:14:08,2026-02-14 13:14:08,0.0,0.0
439,SELVAM STORE THACHAI,0,0.0,0.0,0.0,0.0,0.0,0.0,2026-02-14 13:14:08,2026-02-14 13:14:08,0.0,0.0
440,SELVAM TEA STALL PETTAI PALLIVASAL NEAR,0,0.0,0.0,0.0,0.0,0.0,0.0,2026-02-14 13:14:08,2026-02-14 13:14:08,0.0,0.0
441,SELVAM TEA STALL TOWN POGUM THACHAI,0,0.0,0.0,0.0,0.0,0.0,0.0,2026-02-14 13:14:08,2026-02-14 13:14:08,0.0,0.0
442,SELVAM THENER SHOP(DCTO OFFICE PALAY),0,0.0,0.0,0.0,0.0,0.0,0.0,2026-02-14 13:14:08,2026-02-14 13:14:08,0.0,0.0
443,SELVAMS STOP AND SHOP(G.H OPPOSITE),0,0.0,0.0,0.0,0.0,0.0,0.0,2026-02-14 13:14:08,2026-02-14 13:14:08,0.0,0.0
444,SELVI MEDICAL(SANKAR NAGAR),0,0.0,0.0,0.0,0.0,0.0,0.0,2026-02-14 13:14:08,2026-02-14 13:14:08,0.0,0.0
445,SELVI SUPER MARKET(MOOLAKARAIPATTI),0,0.0,0.0,0.0,0.0,0.0,0.0,2026-02-14 13:14:08,2026-02-14 13:14:08,0.0,0.0
446,SENTHIL,0,0.0,0.0,0.0,0.0,0.0,0.0,2026-02-14 13:14:08,2026-02-14 13:14:08,0.0,0.0
447,SENTHIL COFFEE BAR PERUMALPURAM,0,0.0,0.0,0.0,0.0,0.0,0.0,2026-02-14 13:14:08,2026-02-14 13:14:08,0.0,0.0
448,SENTHIL KUMARAN BEFORE VEDHA MILK,0,0.0,0.0,0.0,0.0,0.0,0.0,2026-02-14 13:14:08,2026-02-14 13:14:08,0.0,0.0
449,SENTHIL STORE SANKAR NAGAR,0,0.0,0.0,0.0,0.0,0.0,0.0,2026-02-14 13:14:08,2026-02-14 13:14:08,0.0,0.0
450,"SENTHOOR MURUGAN STORE(MUNNERPALLAM, THARUVAI)",0,0.0,0.0,0.0,0.0,0.0,0.0,2026-02-14 13:14:08,2026-02-14 13:14:08,0.0,0.0
451,"SENTHOOR PAVAN TEA STALL, NOVELTY OPP",0,0.0,0.0,0.0,0.0,0.0,0.0,2026-02-14 13:14:08,2026-02-14 13:14:08,0.0,0.0
452,SENTHUR MURUGAN PALAKADAI SOOTHAMALLI LEFT ROUNDANA,0,0.0,0.0,0.0,0.0,0.0,0.0,2026-02-14 13:14:08,2026-02-14 13:14:08,0.0,0.0
453,SENTUR MURUGAN KRISNAPURAM,0,0.0,0.0,0.0,0.0,0.0,0.0,2026-02-14 13:14:08,2026-02-14 13:14:08,0.0,0.0
454,SHAHEEMA STORE,0,0.0,0.0,0.0,0.0,0.0,0.0,2026-02-14 13:14:08,2026-02-14 13:14:08,0.0,0.0
455,SHANMUGA COOL BAR,0,0.0,0.0,0.0,0.0,0.0,0.0,2026-02-14 13:14:08,2026-02-14 13:14:08,0.0,0.0
456,SHANMUGA STORE(KURICHI MAIN ROAD),0,0.0,0.0,0.0,0.0,0.0,0.0,2026-02-14 13:14:08,2026-02-14 13:14:08,0.0,0.0
457,SHINE SUPER MARKET,0,0.0,0.0,0.0,0.0,0.0,0.0,2026-02-14 13:14:08,2026-02-14 13:14:08,0.0,0.0
458,SHIVASAKTHI STORE(KULAVANIKAPURAM),0,0.0,0.0,0.0,0.0,0.0,0.0,2026-02-14 13:14:08,2026-02-14 13:14:08,0.0,0.0
459,"SILVER WINES(NEAR ROYAL ENFIELD, VANNARPETTAI BYPASS)",0,0.0,0.0,0.0,0.0,0.0,0.0,2026-02-14 13:14:08,2026-02-14 13:14:08,0.0,0.0
460,SINTHIYA DEPARTMENTAL STORE SAMATHANAPURAM,0,0.0,0.0,0.0,0.0,0.0,0.0,2026-02-14 13:14:08,2026-02-14 13:14:08,0.0,0.0
461,SIVA STORE(RASTHA),0,0.0,0.0,0.0,0.0,0.0,0.0,2026-02-14 13:14:08,2026-02-14 13:14:08,0.0,0.0
462,"SIVAN PANDI STORE(VAYAL STREET, BHARATHIYAR OPP)",0,0.0,0.0,0.0,0.0,0.0,0.0,2026-02-14 13:14:08,2026-02-14 13:14:08,0.0,0.0
463,SIVANESH STORE,0,0.0,0.0,0.0,0.0,0.0,0.0,2026-02-14 13:14:08,2026-02-14 13:14:08,0.0,0.0
464,SIVASAKTHI TRADERS NEAR POST OFFICE SOUTH BAJAR,0,0.0,0.0,0.0,0.0,0.0,0.0,2026-02-14 13:14:08,2026-02-14 13:14:08,0.0,0.0
465,SIYONA MIRACLE STORE SANKARANKOVIL MAIN ROAD,0,0.0,0.0,0.0,0.0,0.0,0.0,2026-02-14 13:14:08,2026-02-14 13:14:08,0.0,0.0
466,SK HOTEL,0,0.0,0.0,0.0,0.0,0.0,0.0,2026-02-14 13:14:08,2026-02-14 13:14:08,0.0,0.0
467,SKN STORES,0,0.0,0.0,0.0,0.0,0.0,0.0,2026-02-14 13:14:08,2026-02-14 13:14:08,0.0,0.0
468,"SM STORE, PERIYAR NAGAR(PALAY)",0,0.0,0.0,0.0,0.0,0.0,0.0,2026-02-14 13:14:08,2026-02-14 13:14:08,0.0,0.0
469,SOLAI STORE SOUTH BAZZAR,0,0.0,0.0,0.0,0.0,0.0,0.0,2026-02-14 13:14:08,2026-02-14 13:14:08,0.0,0.0
470,SREE MATHI STORE (goodown opposite),0,0.0,0.0,0.0,0.0,0.0,0.0,2026-02-14 13:14:08,2026-02-14 13:14:08,0.0,0.0
471,SRI AANJINEYA SWEETS AND BAKERY(V.M CHATHRAM),0,0.0,0.0,0.0,0.0,0.0,0.0,2026-02-14 13:14:08,2026-02-14 13:14:08,0.0,0.0
472,SRI ANNAPORANI TEA COFFEE(ROYAL HOSPITAL OPPOSITE),0,0.0,0.0,0.0,0.0,0.0,0.0,2026-02-14 13:14:08,2026-02-14 13:14:08,0.0,0.0
473,SRI AYIRATHAMMAN JUICE KADAI SOUTH BAJAR,0,0.0,0.0,0.0,0.0,0.0,0.0,2026-02-14 13:14:08,2026-02-14 13:14:08,0.0,0.0
474,"SRI BALAJI TEA COFFEE CORNER, POTHIGAI NAGAR",0,0.0,0.0,0.0,0.0,0.0,0.0,2026-02-14 13:14:08,2026-02-14 13:14:08,0.0,0.0
475,SRI BHUVANESWARY STORES(MURUGANKURICHI),0,0.0,0.0,0.0,0.0,0.0,0.0,2026-02-14 13:14:08,2026-02-14 13:14:08,0.0,0.0
476,SRI CHENNAI POTHI STORE(ATCHAYA HOTEL BACKSIDE),0,0.0,0.0,0.0,0.0,0.0,0.0,2026-02-14 13:14:08,2026-02-14 13:14:08,0.0,0.0
477,SRI DHANAM STORE NGOB COLONY,0,0.0,0.0,0.0,0.0,0.0,0.0,2026-02-14 13:14:08,2026-02-14 13:14:08,0.0,0.0
478,"SRI JAI KRITHICK STORE(NEAR ARUN HOSPITAL(OPP, TOWN)",0,0.0,0.0,0.0,0.0,0.0,0.0,2026-02-14 13:14:08,2026-02-14 13:14:08,0.0,0.0
479,"SRI KRISHNA COFFEE BAR(TIRUCHENDHUR ROAD, PALAY)",0,0.0,0.0,0.0,0.0,0.0,0.0,2026-02-14 13:14:08,2026-02-14 13:14:08,0.0,0.0
480,"SRI KRISHNA STORE(MANGAMMAL SALAI, KTC NAGAR)",0,0.0,0.0,0.0,0.0,0.0,0.0,2026-02-14 13:14:08,2026-02-14 13:14:08,0.0,0.0
481,SRI KRISHNA STORE(THACHAI),0,0.0,0.0,0.0,0.0,0.0,0.0,2026-02-14 13:14:08,2026-02-14 13:14:08,0.0,0.0
482,SRI KUMARAN MELAPALAYAM,0,0.0,0.0,0.0,0.0,0.0,0.0,2026-02-14 13:14:08,2026-02-14 13:14:08,0.0,0.0
483,SRI KUMARAN SANKAR NAGAR,0,0.0,0.0,0.0,0.0,0.0,0.0,2026-02-14 13:14:08,2026-02-14 13:14:08,0.0,0.0
484,SRI LAKSHMI IYANGAR THACHAI BYPASS BHARATH BULK OPP,0,0.0,0.0,0.0,0.0,0.0,0.0,2026-02-14 13:14:08,2026-02-14 13:14:08,0.0,0.0
485,"SRI LAKSHMI PALPORUM(ANGADI RAYAL COLONY, THIYAGARAJA NAGAR)",0,0.0,0.0,0.0,0.0,0.0,0.0,2026-02-14 13:14:08,2026-02-14 13:14:08,0.0,0.0
486,SRI LAKSHMI STORE BALABHAKYA NAGAR MUTHURAM THEATRE BACKSIDE,0,0.0,0.0,0.0,0.0,0.0,0.0,2026-02-14 13:14:08,2026-02-14 13:14:08,0.0,0.0
487,SRI MAHALAKSHMI GARDEN RESTAURANT MANUR,0,0.0,0.0,0.0,0.0,0.0,0.0,2026-02-14 13:14:08,2026-02-14 13:14:08,0.0,0.0
488,SRI MALLIGAI,0,0.0,0.0,0.0,0.0,0.0,0.0,2026-02-14 13:14:08,2026-02-14 13:14:08,0.0,0.0
489,SRI MARI TEA STALL(NGO B COLONY),0,0.0,0.0,0.0,0.0,0.0,0.0,2026-02-14 13:14:08,2026-02-14 13:14:08,0.0,0.0
490,SRI MASS CATERING VOC GROUND BACKSIDE,0,0.0,0.0,0.0,0.0,0.0,0.0,2026-02-14 13:14:08,2026-02-14 13:14:08,0.0,0.0
491,SRI MATHI MALLIGAI STORE,0,0.0,0.0,0.0,0.0,0.0,0.0,2026-02-14 13:14:08,2026-02-14 13:14:08,0.0,0.0
492,SRI MEENAKSHI IYENGAR BAKERY(SANKAR NAGAR),0,0.0,0.0,0.0,0.0,0.0,0.0,2026-02-14 13:14:08,2026-02-14 13:14:08,0.0,0.0
493,SRI MITHRA SUPER STORE(CN VILLAGE),0,0.0,0.0,0.0,0.0,0.0,0.0,2026-02-14 13:14:08,2026-02-14 13:14:08,0.0,0.0
494,SRI MURUGAN MALLIGAI KADAI(GOODOWN OPPOSITE),0,0.0,0.0,0.0,0.0,0.0,0.0,2026-02-14 13:14:08,2026-02-14 13:14:08,0.0,0.0
495,"SRI MURUGAN MALLIGAI STORE(REDDIYARPATTI ROAD, THIRUMAL NAGAR)",0,0.0,0.0,0.0,0.0,0.0,0.0,2026-02-14 13:14:08,2026-02-14 13:14:08,0.0,0.0
496,SRI MURUGAN PALAKADAI RASTHA,0,0.0,0.0,0.0,0.0,0.0,0.0,2026-02-14 13:14:08,2026-02-14 13:14:08,0.0,0.0
497,"SRI MURUGAN SHOPPING AND PALASARUKU, (NGOB COLONY)",0,0.0,0.0,0.0,0.0,0.0,0.0,2026-02-14 13:14:08,2026-02-14 13:14:08,0.0,0.0
498,SRI MURUGAN STORE NEAR J.J FAMILY RESTAURANT,0,0.0,0.0,0.0,0.0,0.0,0.0,2026-02-14 13:14:08,2026-02-14 13:14:08,0.0,0.0
499,SRI MUTHURAMAN PALAMUTHIRSOLAI(MULTI SPECIAL MEDICAL COLLEGE OPP),0,0.0,0.0,0.0,0.0,0.0,0.0,2026-02-14 13:14:08,2026-02-14 13:14:08,0.0,0.0
500,SRI PALAVESA STORES(PETTAI APPOLLO PHARMACY OPP),0,0.0,0.0,0.0,0.0,0.0,0.0,2026-02-14 13:14:08,2026-02-14 13:14:08,0.0,0.0
501,SRI RAJA GANAPATHY STORE(RAMAYANPATTI),0,0.0,0.0,0.0,0.0,0.0,0.0,2026-02-14 13:14:08,2026-02-14 13:14:08,0.0,0.0
502,"SRI RAM COOL DRINKS, MANGAMMALPURAM",0,0.0,0.0,0.0,0.0,0.0,0.0,2026-02-14 13:14:08,2026-02-14 13:14:08,0.0,0.0
503,"SRI S.M STORES(NEAR FIRE STATION, PALAY)",0,0.0,0.0,0.0,0.0,0.0,0.0,2026-02-14 13:14:08,2026-02-14 13:14:08,0.0,0.0
504,SRI SENTHOOR BAKES AND SWEETS (NEAR SENTIL STORE),0,0.0,0.0,0.0,0.0,0.0,0.0,2026-02-14 13:14:08,2026-02-14 13:14:08,0.0,0.0
505,SRI SHANMUGA MESS NYNAKULAM MARKET ARUGIL,0,0.0,0.0,0.0,0.0,0.0,0.0,2026-02-14 13:14:08,2026-02-14 13:14:08,0.0,0.0
506,"SRI TEA STALL(MURUGANKURICHI, PALAY)",0,0.0,0.0,0.0,0.0,0.0,0.0,2026-02-14 13:14:08,2026-02-14 13:14:08,0.0,0.0
507,SRI TIRUPATHI STORE VANNARPETAI,0,0.0,0.0,0.0,0.0,0.0,0.0,2026-02-14 13:14:08,2026-02-14 13:14:08,0.0,0.0
508,SRI ULAGU MEGA MARKET(V.M CHATRAM),0,0.0,0.0,0.0,0.0,0.0,0.0,2026-02-14 13:14:08,2026-02-14 13:14:08,0.0,0.0
509,SRI VALLI STORE JUNCTION(WATER TANK NEAR),0,0.0,0.0,0.0,0.0,0.0,0.0,2026-02-14 13:14:08,2026-02-14 13:14:08,0.0,0.0
510,"SRI VELMURUGAN STORE, AGASTHIYAR STREET PALAY",0,0.0,0.0,0.0,0.0,0.0,0.0,2026-02-14 13:14:08,2026-02-14 13:14:08,0.0,0.0
511,SRI VENKADESWARA JUICE KADA PALAY BUSSTAND OPP LIC OFF,0,0.0,0.0,0.0,0.0,0.0,0.0,2026-02-14 13:14:08,2026-02-14 13:14:08,0.0,0.0
512,SRI VENKATESHWARA STORE AR LINE,0,0.0,0.0,0.0,0.0,0.0,0.0,2026-02-14 13:14:08,2026-02-14 13:14:08,0.0,0.0
513,SRI VENKATESHWARA STORE KRISHNAN KOVIL STREET,0,0.0,0.0,0.0,0.0,0.0,0.0,2026-02-14 13:14:08,2026-02-14 13:14:08,0.0,0.0
514,SRI VIJAYA GARDEN(NEAR SARAVANAS),0,0.0,0.0,0.0,0.0,0.0,0.0,2026-02-14 13:14:08,2026-02-14 13:14:08,0.0,0.0
515,SRIMAN NARAYANAN TEA COFFEE(OPPOSITE LAKSHMI THEATRE TOWN),0,0.0,0.0,0.0,0.0,0.0,0.0,2026-02-14 13:14:08,2026-02-14 13:14:08,0.0,0.0
516,SRIMATHI STORE(OPPOSITE GOODOWN),0,0.0,0.0,0.0,0.0,0.0,0.0,2026-02-14 13:14:08,2026-02-14 13:14:08,0.0,0.0
517,"SRS KARUPATTI COFFEE(SARAVANAS ARUGIL, THAMILAN KARUPATTI COFFEE",0,0.0,0.0,0.0,0.0,0.0,0.0,2026-02-14 13:14:08,2026-02-14 13:14:08,0.0,0.0
518,SSK FRUITS AND VEG,0,0.0,0.0,0.0,0.0,0.0,0.0,2026-02-14 13:14:08,2026-02-14 13:14:08,0.0,0.0
519,SSR STORE TOWN MARKET (HANIFA OPP),0,0.0,0.0,0.0,0.0,0.0,0.0,2026-02-14 13:14:08,2026-02-14 13:14:08,0.0,0.0
520,ST. JOSEPH RESTAURANT SOUTH BAJAR,0,0.0,0.0,0.0,0.0,0.0,0.0,2026-02-14 13:14:08,2026-02-14 13:14:08,0.0,0.0
521,STAR SHOPPING (KURICHI),0,0.0,0.0,0.0,0.0,0.0,0.0,2026-02-14 13:14:08,2026-02-14 13:14:08,0.0,0.0
522,SUDAR DEPARTMENTAL STORE MAHARAJA NAGAR,0,0.0,0.0,0.0,0.0,0.0,0.0,2026-02-14 13:14:08,2026-02-14 13:14:08,0.0,0.0
523,SUDAR JUICE CORNER NEAR PALAY MARKET,0,0.0,0.0,0.0,0.0,0.0,0.0,2026-02-14 13:14:08,2026-02-14 13:14:08,0.0,0.0
524,SUDAR PALAMUTHIRSOLAI,0,0.0,0.0,0.0,0.0,0.0,0.0,2026-02-14 13:14:08,2026-02-14 13:14:08,0.0,0.0
525,SUDHA STORE(LAKSHMI STORE OPPOSITE),0,0.0,0.0,0.0,0.0,0.0,0.0,2026-02-14 13:14:08,2026-02-14 13:14:08,0.0,0.0
526,SUMATHI HOTEL SEND CN VILLAGE,0,0.0,0.0,0.0,0.0,0.0,0.0,2026-02-14 13:14:08,2026-02-14 13:14:08,0.0,0.0
527,SUMATHI STORE(KULAVANIKAPURAM),0,0.0,0.0,0.0,0.0,0.0,0.0,2026-02-14 13:14:08,2026-02-14 13:14:08,0.0,0.0
528,SUNDAR SHOPPING PALAY MARKET TIRUNCHENDUR ROAD INPAM TEA STALL OPP,0,0.0,0.0,0.0,0.0,0.0,0.0,2026-02-14 13:14:08,2026-02-14 13:14:08,0.0,0.0
529,SUNTHSUSAI STORE RAJENDAR NAGAR FIRST STREET,0,0.0,0.0,0.0,0.0,0.0,0.0,2026-02-14 13:14:08,2026-02-14 13:14:08,0.0,0.0
530,SUPPU STORE,0,0.0,0.0,0.0,0.0,0.0,0.0,2026-02-14 13:14:08,2026-02-14 13:14:08,0.0,0.0
531,"SURESH PALAMUTHIRSOLAI, STC COLLEGE ROAD, NEW BUS STAND",0,0.0,0.0,0.0,0.0,0.0,0.0,2026-02-14 13:14:08,2026-02-14 13:14:08,0.0,0.0
532,SUSAI STORE PALASARUKU SAINT ROADE,0,0.0,0.0,0.0,0.0,0.0,0.0,2026-02-14 13:14:08,2026-02-14 13:14:08,0.0,0.0
533,SV BAKERY VANNARPETTAI(MADHURAM OPP),0,0.0,0.0,0.0,0.0,0.0,0.0,2026-02-14 13:14:08,2026-02-14 13:14:08,0.0,0.0
534,Sai SARANYA STORE SINDHUBUNTHARAI,0,0.0,0.0,0.0,0.0,0.0,0.0,2026-02-14 13:14:08,2026-02-14 13:14:08,0.0,0.0
535,"Selvam agency(perumalpuram, anbunagar",0,0.0,0.0,0.0,0.0,0.0,0.0,2026-02-14 13:14:08,2026-02-14 13:14:08,0.0,0.0
536,TAMILNADU TOURISM DEVELOPMENT CORPORATION LIMITED,0,0.0,0.0,0.0,0.0,0.0,0.0,2026-02-14 13:14:08,2026-02-14 13:14:08,0.0,0.0
537,TASMAC MUNNERPALAM,0,0.0,0.0,0.0,0.0,0.0,0.0,2026-02-14 13:14:08,2026-02-14 13:14:08,0.0,0.0
538,TEA TIME,0,0.0,0.0,0.0,0.0,0.0,0.0,2026-02-14 13:14:08,2026-02-14 13:14:08,0.0,0.0
539,TEA TIME MDT COLLeGE NEAR,0,0.0,0.0,0.0,0.0,0.0,0.0,2026-02-14 13:14:08,2026-02-14 13:14:08,0.0,0.0
540,TEA TIME MELAPALAYAM,0,0.0,0.0,0.0,0.0,0.0,0.0,2026-02-14 13:14:08,2026-02-14 13:14:08,0.0,0.0
541,TEA TIME PETTAI,0,0.0,0.0,0.0,0.0,0.0,0.0,2026-02-14 13:14:08,2026-02-14 13:14:08,0.0,0.0
542,TEA TIME SRIPURAM(INDUSIND BANK ATP NEAR),0,0.0,0.0,0.0,0.0,0.0,0.0,2026-02-14 13:14:08,2026-02-14 13:14:08,0.0,0.0
543,THAMILAN KARUPATTI COFFEE,0,0.0,0.0,0.0,0.0,0.0,0.0,2026-02-14 13:14:08,2026-02-14 13:14:08,0.0,0.0
544,THANAM STORE,0,0.0,0.0,0.0,0.0,0.0,0.0,2026-02-14 13:14:08,2026-02-14 13:14:08,0.0,0.0
545,THANGAM COOL BAR(SINGABUNTHARAI),0,0.0,0.0,0.0,0.0,0.0,0.0,2026-02-14 13:14:08,2026-02-14 13:14:08,0.0,0.0
546,THANGAM PALAMUTHIR AND DEPARTMENT STORE,0,0.0,0.0,0.0,0.0,0.0,0.0,2026-02-14 13:14:08,2026-02-14 13:14:08,0.0,0.0
547,THANGARAJ KAI KANI KADAI(PERUMALPURAM,0,0.0,0.0,0.0,0.0,0.0,0.0,2026-02-14 13:14:08,2026-02-14 13:14:08,0.0,0.0
548,THARANI STORE JUNCTION (KIDNEY HOSPITAL OPP),0,0.0,0.0,0.0,0.0,0.0,0.0,2026-02-14 13:14:08,2026-02-14 13:14:08,0.0,0.0
549,THENDRAL TEA STALL(SARAVANAS STORE OPPOSITE),0,0.0,0.0,0.0,0.0,0.0,0.0,2026-02-14 13:14:08,2026-02-14 13:14:08,0.0,0.0
550,THIRUKURAL IYARKAI ANGALI SIVALAPERI ROAD,0,0.0,0.0,0.0,0.0,0.0,0.0,2026-02-14 13:14:08,2026-02-14 13:14:08,0.0,0.0
551,THIRUMANI STORE(GOODOWN OPP),0,0.0,0.0,0.0,0.0,0.0,0.0,2026-02-14 13:14:08,2026-02-14 13:14:08,0.0,0.0
552,THIRUPATHI FRUITS SANTHINAGAR SEVALAPERI ROAD OPP IOB BANK,0,0.0,0.0,0.0,0.0,0.0,0.0,2026-02-14 13:14:08,2026-02-14 13:14:08,0.0,0.0
553,THIRUPATHI STORE MADURAI MAIN ROAD,0,0.0,0.0,0.0,0.0,0.0,0.0,2026-02-14 13:14:08,2026-02-14 13:14:08,0.0,0.0
554,THIRUPATHI STORE SOUTH BAJAR,0,0.0,0.0,0.0,0.0,0.0,0.0,2026-02-14 13:14:08,2026-02-14 13:14:08,0.0,0.0
555,"THOVULATH BAKERY SEVALAPERI ROAD, SANTHI NAGAR BUS STOP",0,0.0,0.0,0.0,0.0,0.0,0.0,2026-02-14 13:14:08,2026-02-14 13:14:08,0.0,0.0
556,TOP STORE (NEAR KAJA PEEDI TOWN),0,0.0,0.0,0.0,0.0,0.0,0.0,2026-02-14 13:14:08,2026-02-14 13:14:08,0.0,0.0
557,U.S FRUITS (VANNARPETTAI),0,0.0,0.0,0.0,0.0,0.0,0.0,2026-02-14 13:14:08,2026-02-14 13:14:08,0.0,0.0
558,USAIN STORE SANKAR NAGAR,0,0.0,0.0,0.0,0.0,0.0,0.0,2026-02-14 13:14:08,2026-02-14 13:14:08,0.0,0.0
559,V.V STORE MAHARAJANAGAR,0,0.0,0.0,0.0,0.0,0.0,0.0,2026-02-14 13:14:08,2026-02-14 13:14:08,0.0,0.0
560,VALLALAR NATURAL ANGADI T-NAGAR,0,0.0,0.0,0.0,0.0,0.0,0.0,2026-02-14 13:14:08,2026-02-14 13:14:08,0.0,0.0
561,VALLANADU,0,0.0,0.0,0.0,0.0,0.0,0.0,2026-02-14 13:14:08,2026-02-14 13:14:08,0.0,0.0
562,VALLI MURUGAN STORE JUNCTION,0,0.0,0.0,0.0,0.0,0.0,0.0,2026-02-14 13:14:08,2026-02-14 13:14:08,0.0,0.0
563,VAMSHIKA SUPER MARKET(REDDIARPATTI MAINROAD),0,0.0,0.0,0.0,0.0,0.0,0.0,2026-02-14 13:14:08,2026-02-14 13:14:08,0.0,0.0
564,VASANTHAM STORE T-NAGAR,0,0.0,0.0,0.0,0.0,0.0,0.0,2026-02-14 13:14:08,2026-02-14 13:14:08,0.0,0.0
565,VEDHA PAAL,0,0.0,0.0,0.0,0.0,0.0,0.0,2026-02-14 13:14:08,2026-02-14 13:14:08,0.0,0.0
566,VEERA SAKTHI COOL CORNER(GOODOWN NEAR),0,0.0,0.0,0.0,0.0,0.0,0.0,2026-02-14 13:14:08,2026-02-14 13:14:08,0.0,0.0
567,VELAVA COFFEE CORNER(REDDIYARPATTI),0,0.0,0.0,0.0,0.0,0.0,0.0,2026-02-14 13:14:08,2026-02-14 13:14:08,0.0,0.0
568,VELAVA TEA COFFEE(DUCKEMMALPURAM),0,0.0,0.0,0.0,0.0,0.0,0.0,2026-02-14 13:14:08,2026-02-14 13:14:08,0.0,0.0
569,VELMURUGAN PALAGAM TOWN (AROKYA MILK),0,0.0,0.0,0.0,0.0,0.0,0.0,2026-02-14 13:14:08,2026-02-14 13:14:08,0.0,0.0
570,VELS CAFE AFNA PARK OUTSIDE,0,0.0,0.0,0.0,0.0,0.0,0.0,2026-02-14 13:14:08,2026-02-14 13:14:08,0.0,0.0
571,VENKATESHWARA STORE AR LINE(SRI SM STORE NEAR),0,0.0,0.0,0.0,0.0,0.0,0.0,2026-02-14 13:14:08,2026-02-14 13:14:08,0.0,0.0
572,VIGNESH,0,0.0,0.0,0.0,0.0,0.0,0.0,2026-02-14 13:14:08,2026-02-14 13:14:08,0.0,0.0
573,VIGNESH TEA STALL MANUR,0,0.0,0.0,0.0,0.0,0.0,0.0,2026-02-14 13:14:08,2026-02-14 13:14:08,0.0,0.0
574,VIJI COOL DRINKS HIGHGROUND,0,0.0,0.0,0.0,0.0,0.0,0.0,2026-02-14 13:14:08,2026-02-14 13:14:08,0.0,0.0
575,VINAYAGA STORE KARUPANTHURAI,0,0.0,0.0,0.0,0.0,0.0,0.0,2026-02-14 13:14:08,2026-02-14 13:14:08,0.0,0.0
576,VINAYAGA STORE PALAY,0,0.0,0.0,0.0,0.0,0.0,0.0,2026-02-14 13:14:08,2026-02-14 13:14:08,0.0,0.0
577,"VISHNU RAJARAM STORE, SUTHAMALLI",0,0.0,0.0,0.0,0.0,0.0,0.0,2026-02-14 13:14:08,2026-02-14 13:14:08,0.0,0.0
578,VISHWA MURUGAN FRUIT SHOP TOWN,0,0.0,0.0,0.0,0.0,0.0,0.0,2026-02-14 13:14:08,2026-02-14 13:14:08,0.0,0.0
579,VT MALLIGAI,0,0.0,0.0,0.0,0.0,0.0,0.0,2026-02-14 13:14:08,2026-02-14 13:14:08,0.0,0.0
580,VV COOL DRINKS KURUMBU,0,0.0,0.0,0.0,0.0,0.0,0.0,2026-02-14 13:14:08,2026-02-14 13:14:08,0.0,0.0
581,VV STORE,0,0.0,0.0,0.0,0.0,0.0,0.0,2026-02-14 13:14:08,2026-02-14 13:14:08,0.0,0.0
582,WELCOME SNACKS JUNCTION,0,0.0,0.0,0.0,0.0,0.0,0.0,2026-02-14 13:14:08,2026-02-14 13:14:08,0.0,0.0
583,WELCOME STORE THIRUMAL NAGAR,0,0.0,0.0,0.0,0.0,0.0,0.0,2026-02-14 13:14:08,2026-02-14 13:14:08,0.0,0.0
584,Y.G.S MATUTHEVANAM,0,0.0,0.0,0.0,0.0,0.0,0.0,2026-02-14 13:14:08,2026-02-14 13:14:08,0.0,0.0
585,"YOGAVIR MALLIGAI KADAI, T-NAGAR",0,0.0,0.0,0.0,0.0,0.0,0.0,2026-02-14 13:14:08,2026-02-14 13:14:08,0.0,0.0
586,"YOYO CORNER(VANNARPETTAI, ARASAN MESS OPP)",0,0.0,0.0,0.0,0.0,0.0,0.0,2026-02-14 13:14:08,2026-02-14 13:14:08,0.0,0.0
587,ZION BAKERS KRISHNAPURAM,0,0.0,0.0,0.0,0.0,0.0,0.0,2026-02-14 13:14:08,2026-02-14 13:14:08,0.0,0.0
588,banu(katchimandapam),0,0.0,0.0,0.0,0.0,0.0,0.0,2026-02-14 13:14:08,2026-02-14 13:14:08,0.0,0.0
589,manaasa stores,0,0.0,0.0,0.0,0.0,0.0,0.0,2026-02-14 13:14:08,2026-02-14 13:14:08,0.0,0.0
590,"salisha fruits and juice(pettai, MM barotta stall opp)",0,0.0,0.0,0.0,0.0,0.0,0.0,2026-02-14 13:14:08,2026-02-14 13:14:08,0.0,0.0
591,srs,0,0.0,0.0,0.0,0.0,0.0,0.0,2026-02-14 13:14:08,2026-02-14 13:14:08,0.0,0.0
592,A CLASS TEA STALL PALAY,0,0.0,0.0,0.0,0.0,0.0,0.0,2026-02-18 17:47:48,2026-02-18 17:47:48,0.0,0.0
593,AAVIN PALAYAPETTAI,0,0.0,0.0,0.0,0.0,0.0,0.0,2026-02-18 17:47:48,2026-02-18 17:47:48,0.0,0.0
594,AL RAHMATH PALAMUTHIRSOLAI,0,0.0,0.0,0.0,0.0,0.0,0.0,2026-02-18 17:47:48,2026-02-18 17:47:48,0.0,0.0
595,ANJANA XEROX AND COOL DRINKS,0,0.0,0.0,0.0,0.0,0.0,0.0,2026-02-18 17:47:48,2026-02-18 17:47:48,0.0,0.0
596,"ANNAI SUPER MARKET, PETTAI",0,0.0,0.0,0.0,0.0,0.0,0.0,2026-02-18 17:47:48,2026-02-18 17:47:48,0.0,0.0
597,"ARASIN CANTEEN, MULTI SPECIALITY CANTEEN",0,0.0,0.0,0.0,0.0,0.0,0.0,2026-02-18 17:47:48,2026-02-18 17:47:48,0.0,0.0
598,ARSH SUPER MARKET,0,0.0,0.0,0.0,0.0,0.0,0.0,2026-02-18 17:47:48,2026-02-18 17:47:48,0.0,0.0
599,DANIEL STORE,0,0.0,0.0,0.0,0.0,0.0,0.0,2026-02-18 17:47:48,2026-02-18 17:47:48,0.0,0.0
600,"ENIYA FRUITS AAVIN BOOTH, VOC GROUND LIC ROAD NEAE IOB BANK",0,0.0,0.0,0.0,0.0,0.0,0.0,2026-02-18 17:47:48,2026-02-18 17:47:48,0.0,0.0
601,FX COLLEGE VANNARPETTAI,0,0.0,0.0,0.0,0.0,0.0,0.0,2026-02-18 17:47:48,2026-02-18 17:47:48,0.0,0.0
602,"GOMATHI T STALL , SRIPURAM",0,0.0,0.0,0.0,0.0,0.0,0.0,2026-02-18 17:47:48,2026-02-18 17:47:48,0.0,0.0
603,I TEA STALL THARUVAI,0,0.0,0.0,0.0,0.0,0.0,0.0,2026-02-18 17:47:48,2026-02-18 17:47:48,0.0,0.0
604,JESUKARAN TEA STALL REDDIARPATTI,0,0.0,0.0,0.0,0.0,0.0,0.0,2026-02-18 17:47:48,2026-02-18 17:47:48,0.0,0.0
605,KAMIN STORE PALAY MARKET WHOLESALE NEAR ROHINI TEA STALL,0,0.0,0.0,0.0,0.0,0.0,0.0,2026-02-18 17:47:48,2026-02-18 17:47:48,0.0,0.0
606,KUMARAN STORE THENGALAM RD BUS STOP OPP,0,0.0,0.0,0.0,0.0,0.0,0.0,2026-02-18 17:47:48,2026-02-18 17:47:48,0.0,0.0
607,LG STORE PALAY NEZR IOB BANK OPP,0,0.0,0.0,0.0,0.0,0.0,0.0,2026-02-18 17:47:48,2026-02-18 17:47:48,0.0,0.0
608,MAHARAJA TEA STALL JUNCTION SINDHUPUNDARAI,0,0.0,0.0,0.0,0.0,0.0,0.0,2026-02-18 17:47:48,2026-02-18 17:47:48,0.0,0.0
609,"MAIDEEN STORE AJMAL BAKERY BACK, PETTAI",0,0.0,0.0,0.0,0.0,0.0,0.0,2026-02-18 17:47:48,2026-02-18 17:47:48,0.0,0.0
610,MATHA TEA STALL(AS),0,0.0,0.0,0.0,0.0,0.0,0.0,2026-02-18 17:47:48,2026-02-18 17:47:48,0.0,0.0
611,MATHI SUJATHA STORE PETTAI,0,0.0,0.0,0.0,0.0,0.0,0.0,2026-02-18 17:47:48,2026-02-18 17:47:48,0.0,0.0
612,MINNAR JUICE,0,0.0,0.0,0.0,0.0,0.0,0.0,2026-02-18 17:47:48,2026-02-18 17:47:48,0.0,0.0
613,"MUTHU STORE KALLANAI SCHOOL OPP, TOWN",0,0.0,0.0,0.0,0.0,0.0,0.0,2026-02-18 17:47:48,2026-02-18 17:47:48,0.0,0.0
614,NAJI TEA STALL INDIAN BANK OPP,0,0.0,0.0,0.0,0.0,0.0,0.0,2026-02-18 17:47:48,2026-02-18 17:47:48,0.0,0.0
615,NANBA TEA STALL MADURAI MAIN RD NEAR S.S.S MAHAL,0,0.0,0.0,0.0,0.0,0.0,0.0,2026-02-18 17:47:48,2026-02-18 17:47:48,0.0,0.0
616,NEW JUICE,0,0.0,0.0,0.0,0.0,0.0,0.0,2026-02-18 17:47:48,2026-02-18 17:47:48,0.0,0.0
617,NEW MUTHU STORE YADAVAR UCHI MAGALI AMMAN KOVIL STREET,0,0.0,0.0,0.0,0.0,0.0,0.0,2026-02-18 17:47:48,2026-02-18 17:47:48,0.0,0.0
618,NEW SANTHAVVILAS RESTAURANT,0,0.0,0.0,0.0,0.0,0.0,0.0,2026-02-18 17:47:48,2026-02-18 17:47:48,0.0,0.0
619,NGO RESTAURANT,0,0.0,0.0,0.0,0.0,0.0,0.0,2026-02-18 17:47:48,2026-02-18 17:47:48,0.0,0.0
620,PALMYRA GRAND INN JUNCTION,0,0.0,0.0,0.0,0.0,0.0,0.0,2026-02-18 17:47:48,2026-02-18 17:47:48,0.0,0.0
621,PSN CANTEEN 3,0,0.0,0.0,0.0,0.0,0.0,0.0,2026-02-18 17:47:48,2026-02-18 17:47:48,0.0,0.0
622,RAJA STORE SINDHUBUNDARAI,0,0.0,0.0,0.0,0.0,0.0,0.0,2026-02-18 17:47:48,2026-02-18 17:47:48,0.0,0.0
623,RAJA TIFFEN CENTRE SRIPURAM MADURAM OPP,0,0.0,0.0,0.0,0.0,0.0,0.0,2026-02-18 17:47:48,2026-02-18 17:47:48,0.0,0.0
624,"RAJAMATHANGI TEA STALL OPP TO SBI BANK, SRIPURAM",0,0.0,0.0,0.0,0.0,0.0,0.0,2026-02-18 17:47:48,2026-02-18 17:47:48,0.0,0.0
625,RASANTHAS BAKERY THACHAI,0,0.0,0.0,0.0,0.0,0.0,0.0,2026-02-18 17:47:48,2026-02-18 17:47:48,0.0,0.0
626,SAI STORE THACHAI,0,0.0,0.0,0.0,0.0,0.0,0.0,2026-02-18 17:47:48,2026-02-18 17:47:48,0.0,0.0
627,SAMUVEL STORE,0,0.0,0.0,0.0,0.0,0.0,0.0,2026-02-18 17:47:48,2026-02-18 17:47:48,0.0,0.0
628,SELVAM STORE THENGALAM RD,0,0.0,0.0,0.0,0.0,0.0,0.0,2026-02-18 17:47:48,2026-02-18 17:47:48,0.0,0.0
629,SHIVAN KOVIL OPP MANDAPAM,0,0.0,0.0,0.0,0.0,0.0,0.0,2026-02-18 17:47:48,2026-02-18 17:47:48,0.0,0.0
630,SHIVAN PANDIAN STORE VAYAL STREET,0,0.0,0.0,0.0,0.0,0.0,0.0,2026-02-18 17:47:48,2026-02-18 17:47:48,0.0,0.0
631,"SILVER STAR TEA STALL KULAVANIKAPURAM RD, PALAY BUSSTAND",0,0.0,0.0,0.0,0.0,0.0,0.0,2026-02-18 17:47:48,2026-02-18 17:47:48,0.0,0.0
632,SKP STORE REDDIARPATTI,0,0.0,0.0,0.0,0.0,0.0,0.0,2026-02-18 17:47:48,2026-02-18 17:47:48,0.0,0.0
633,SP COOL BAR,0,0.0,0.0,0.0,0.0,0.0,0.0,2026-02-18 17:47:48,2026-02-18 17:47:48,0.0,0.0
634,SRI LAKSHMI COFFEE BITS SELVARANI OPP RD PALAY,0,0.0,0.0,0.0,0.0,0.0,0.0,2026-02-18 17:47:48,2026-02-18 17:47:48,0.0,0.0
635,SRI MASS HOTSPOT,0,0.0,0.0,0.0,0.0,0.0,0.0,2026-02-18 17:47:48,2026-02-18 17:47:48,0.0,0.0
636,SUN SUPER MARKET SANTHINAGAR 2 MAIN STREET NEAR POLICE CHECK POST,0,0.0,0.0,0.0,0.0,0.0,0.0,2026-02-18 17:47:48,2026-02-18 17:47:48,0.0,0.0
637,"SUN TEA STALL SEVALAPERI RD, PALAY MARKET NEAR JOSPEH & SUNS",0,0.0,0.0,0.0,0.0,0.0,0.0,2026-02-18 17:47:48,2026-02-18 17:47:48,0.0,0.0
638,UDHAYAM BAR JUNCTION,0,0.0,0.0,0.0,0.0,0.0,0.0,2026-02-18 17:47:48,2026-02-18 17:47:48,0.0,0.0
639,VASANTHAM SOOTHAMALLI,0,0.0,0.0,0.0,0.0,0.0,0.0,2026-02-18 17:47:48,2026-02-18 17:47:48,0.0,0.0
640,VASANTHAM STORE PALAY MARKET OPP ROHINI TEA STALL,0,0.0,0.0,0.0,0.0,0.0,0.0,2026-02-18 17:47:48,2026-02-18 17:47:48,0.0,0.0
641,VENKATESWARA BALABAGYA NAGAR,0,0.0,0.0,0.0,0.0,0.0,0.0,2026-02-18 17:47:48,2026-02-18 17:47:48,0.0,0.0
642,VMS STORE THIMARAJAPURAM,0,0.0,0.0,0.0,0.0,0.0,0.0,2026-02-18 17:47:48,2026-02-18 17:47:48,0.0,0.0
643,YOYO CORNER MSP TRAVELS OPP,0,0.0,0.0,0.0,0.0,0.0,0.0,2026-02-18 17:47:48,2026-02-18 17:47:48,0.0,0.0
644,MAHA VISHNU TOWN,0,0.0,0.0,0.0,0.0,0.0,0.0,2026-02-19 22:46:03,2026-02-19 22:46:03,0.0,0.0
645,SIVA STORE PALAY MARKET,0,0.0,0.0,0.0,0.0,0.0,0.0,2026-02-19 22:46:03,2026-02-19 22:46:03,0.0,0.0
646,STC COLLEGE.,0,0.0,0.0,0.0,0.0,0.0,0.0,2026-02-19 22:46:03,2026-02-19 22:46:03,0.0,0.0
647,MUTHARAMMAN TIFFIN CENTRE,0,0.0,0.0,0.0,0.0,0.0,0.0,2026-02-19 22:46:03,2026-02-19 22:46:03,0.0,0.0
648,"JAYA GANESH FRUITS, MANUR",0,0.0,0.0,0.0,0.0,0.0,0.0,2026-02-19 22:46:03,2026-02-19 22:46:03,0.0,0.0
649,KADHAR MEERAN STORE KOODESWAR NAGAR,0,0.0,0.0,0.0,0.0,0.0,0.0,2026-02-19 22:46:03,2026-02-19 22:46:03,0.0,0.0
650,SIVA SANTHI MALLIGAI STORE,0,0.0,0.0,0.0,0.0,0.0,0.0,2026-02-19 22:46:03,2026-02-19 22:46:03,0.0,0.0
651,MUTHARAMMAN STORE KOODESWAR NAGAR,0,0.0,0.0,0.0,0.0,0.0,0.0,2026-02-19 22:46:03,2026-02-19 22:46:03,0.0,0.0
652,AL-ARIF SOOTHAMALLI,0,0.0,0.0,0.0,0.0,0.0,0.0,2026-02-19 22:46:03,2026-02-19 22:46:03,0.0,0.0
653,"A.M STORE, THACHAI",0,0.0,0.0,0.0,0.0,0.0,0.0,2026-02-19 22:46:03,2026-02-19 22:46:03,0.0,0.0
654,MM STORE NGO COLONY,0,0.0,0.0,0.0,0.0,0.0,0.0,2026-02-20 14:40:48,2026-02-20 14:40:48,0.0,0.0
655,ANTHONY STORE SAMATHANAPURAM(NEXT TO LAWRENCE FRUITS),0,0.0,0.0,0.0,0.0,0.0,0.0,2026-02-20 14:40:48,2026-02-20 14:40:48,0.0,0.0
656,"KIRUBAI STORE, IRANIAN HOTEL BACKSIDE",0,0.0,0.0,0.0,0.0,0.0,0.0,2026-02-20 14:40:48,2026-02-20 14:40:48,0.0,0.0
657,SELVI SNACKS,0,0.0,0.0,0.0,0.0,0.0,0.0,2026-02-20 14:40:48,2026-02-20 14:40:48,0.0,0.0
658,ANTONY STORE VM CHATRAM,0,0.0,0.0,0.0,0.0,0.0,0.0,2026-02-20 14:40:48,2026-02-20 14:40:48,0.0,0.0
659,NELLAI JJ TEA STALL OPP HP BULK,0,0.0,0.0,0.0,0.0,0.0,0.0,2026-02-20 14:40:48,2026-02-20 14:40:48,0.0,0.0
660,MAHARAJA STORE KRISHNAPURAM ARCH,0,0.0,0.0,0.0,0.0,0.0,0.0,2026-02-20 14:40:48,2026-02-20 14:40:48,0.0,0.0
661,RAJA GANAPATHI STORE,0,0.0,0.0,0.0,0.0,0.0,0.0,2026-02-20 14:40:48,2026-02-20 14:40:48,0.0,0.0
662,GMART PERUMALPURAM,0,0.0,0.0,0.0,0.0,0.0,0.0,2026-02-22 14:24:44,2026-02-22 14:24:44,0.0,0.0
663,SM BAKERY OPP TO PUSHPALATHA SCHOOL,0,0.0,0.0,0.0,0.0,0.0,0.0,2026-02-22 14:24:44,2026-02-22 14:24:44,0.0,0.0
664,"JD STORE, T-NAGAR",0,0.0,0.0,0.0,0.0,0.0,0.0,2026-02-22 14:24:44,2026-02-22 14:24:44,0.0,0.0
665,MAHARAJA STORE T-NAGAR,0,0.0,0.0,0.0,0.0,0.0,0.0,2026-02-22 14:24:44,2026-02-22 14:24:44,0.0,0.0
666,SRI GANESH STORE,0,0.0,0.0,0.0,0.0,0.0,0.0,2026-02-22 14:24:44,2026-02-22 14:24:44,0.0,0.0
667,MAHARAJA T-STALL PERIYA THERU,0,0.0,0.0,0.0,0.0,0.0,0.0,2026-02-22 14:24:44,2026-02-22 14:24:44,0.0,0.0
668,SAHUL MALLIGAI STORE,0,0.0,0.0,0.0,0.0,0.0,0.0,2026-02-23 15:40:09,2026-02-23 15:40:09,0.0,0.0
669,SHINE CAFE,0,0.0,0.0,0.0,0.0,0.0,0.0,2026-02-23 15:40:09,2026-02-23 15:40:09,0.0,0.0
670,DAYA NAVIN STORE,0,0.0,0.0,0.0,0.0,0.0,0.0,2026-02-23 15:40:09,2026-02-23 15:40:09,0.0,0.0
671,SAI CANTEEN,0,0.0,0.0,0.0,0.0,0.0,0.0,2026-02-23 15:40:09,2026-02-23 15:40:09,0.0,0.0
672,PRIYA SHOPPING STORE,0,0.0,0.0,0.0,0.0,0.0,0.0,2026-02-23 15:40:09,2026-02-23 15:40:09,0.0,0.0
673,SRI GANESH FRUITS SHOP,0,0.0,0.0,0.0,0.0,0.0,0.0,2026-02-23 15:40:09,2026-02-23 15:40:09,0.0,0.0
674,SRI BALAJI STORE,0,0.0,0.0,0.0,0.0,0.0,0.0,2026-02-23 15:40:09,2026-02-23 15:40:09,0.0,0.0
675,SEYAD ALI FRUIT PALAYAPETTAI,0,0.0,0.0,0.0,0.0,0.0,0.0,2026-02-23 15:40:09,2026-02-23 15:40:09,0.0,0.0
676,MARIMUTHU STORE,0,0.0,0.0,0.0,0.0,0.0,0.0,2026-02-23 15:40:09,2026-02-23 15:40:09,0.0,0.0
677,GANESH HOTEL,0,0.0,0.0,0.0,0.0,0.0,0.0,2026-02-23 15:40:09,2026-02-23 15:40:09,0.0,0.0
678,RAJA STORE(PALAYAPETTAI),0,0.0,0.0,0.0,0.0,0.0,0.0,2026-02-23 15:40:09,2026-02-23 15:40:09,0.0,0.0
679,REKOBATH STORE,REKOBATH STORE,0.0,0.0,0.0,0.0,0.0,0.0,2026-02-24 15:49:56,2026-02-24 15:49:56,0.0,0.0
680,"VENKATESWARA STORE, NGO COLONY","VENKATESWARA STORE, NGO COLONY",0.0,0.0,0.0,0.0,0.0,0.0,2026-02-25 12:00:51,2026-02-25 12:00:51,0.0,0.0
681,MKS STORE POTHIGAI NAGAR,MKS STORE POTHIGAI NAGAR,0.0,0.0,0.0,0.0,0.0,0.0,2026-02-25 12:00:51,2026-02-25 12:00:51,0.0,0.0
682,IVANJILINE STORE,IVANJILINE STORE,0.0,0.0,0.0,0.0,0.0,0.0,2026-02-25 12:00:51,2026-02-25 12:00:51,0.0,0.0
683,RAJA SWEETS(AS),RAJA SWEETS(AS),0.0,0.0,0.0,0.0,0.0,0.0,2026-02-25 12:00:51,2026-02-25 12:00:51,0.0,0.0
684,SAKTHI COFFEE DUKKAMALPURAM,SAKTHI COFFEE DUKKAMALPURAM,0.0,0.0,0.0,0.0,0.0,0.0,2026-02-25 12:00:51,2026-02-25 12:00:51,0.0,0.0
685,JAYAM STORE DUCCKAMALPURAM,JAYAM STORE DUCCKAMALPURAM,0.0,0.0,0.0,0.0,0.0,0.0,2026-02-25 12:00:51,2026-02-25 12:00:51,0.0,0.0
686,MAGILMATHI(AS),MAGILMATHI(AS),0.0,0.0,0.0,0.0,0.0,0.0,2026-02-25 12:00:51,2026-02-25 12:00:51,0.0,0.0
687,MITHRA STORE,MITHRA STORE,0.0,0.0,0.0,0.0,0.0,0.0,2026-02-25 12:00:51,2026-02-25 12:00:51,0.0,0.0
688,NYANAM STORE VELAVA TEA STALL OPP,NYANAM STORE VELAVA TEA STALL OPP,0.0,0.0,0.0,0.0,0.0,0.0,2026-01-03 06:40:23,2026-01-03 06:40:23,0.0,0.0
689,"RAHMAD STORE JOHNS COLLEGE RD, SAMATHANAPURAM","RAHMAD STORE JOHNS COLLEGE RD, SAMATHANAPURAM",0.0,0.0,0.0,0.0,0.0,0.0,2026-01-03 06:40:23,2026-01-03 06:40:23,0.0,0.0
690,DHARANI TEA STALL PALAY MARKET,DHARANI TEA STALL PALAY MARKET,0.0,0.0,0.0,0.0,0.0,0.0,2026-01-03 06:40:23,2026-01-03 06:40:23,0.0,0.0
691,"AIRATHAMMAN JUICE KADAI, NEAR AIRATHAMMAN KOVIL STREET SOUTH BAJAR","AIRATHAMMAN JUICE KADAI, NEAR AIRATHAMMAN KOVIL STREET SOUTH BAJAR",0.0,0.0,0.0,0.0,0.0,0.0,2026-01-03 06:40:23,2026-01-03 06:40:23,0.0,0.0
692,SHANTHI TRADERS PALAY MARKET,SHANTHI TRADERS PALAY MARKET,0.0,0.0,0.0,0.0,0.0,0.0,2026-01-03 06:40:23,2026-01-03 06:40:23,0.0,0.0
693,"VELMURUGAN STORE TOWN, SIVA STREET","VELMURUGAN STORE TOWN, SIVA STREET",0.0,0.0,0.0,0.0,0.0,0.0,2026-01-03 06:40:23,2026-01-03 06:40:23,0.0,0.0
694,STH BAJAR,STH BAJAR,0.0,0.0,0.0,0.0,0.0,0.0,2026-01-03 06:40:23,2026-01-03 06:40:23,0.0,0.0
695,VELLATHAI T-STALL OPP PETROL BUNK,VELLATHAI T-STALL OPP PETROL BUNK,0.0,0.0,0.0,0.0,0.0,0.0,2026-01-03 06:40:23,2026-01-03 06:40:23,0.0,0.0
696,APPLE TEA STALL MANDAPAM OPP,APPLE TEA STALL MANDAPAM OPP,0.0,0.0,0.0,0.0,0.0,0.0,2026-01-03 06:40:23,2026-01-03 06:40:23,0.0,0.0
697,SANKAR STORE(RAJAVALLIPURAM RD),SANKAR STORE(RAJAVALLIPURAM RD),0.0,0.0,0.0,0.0,0.0,0.0,2026-01-03 06:40:23,2026-01-03 06:40:23,0.0,0.0
698,SELVA MURUGAN RAJAVALLIPURAM ROAD,SELVA MURUGAN RAJAVALLIPURAM ROAD,0.0,0.0,0.0,0.0,0.0,0.0,2026-01-03 06:40:23,2026-01-03 06:40:23,0.0,0.0
699,"ASIN STORE (SRI BALAJI STORE), TOWN RD WATER TANK OPP","ASIN STORE (SRI BALAJI STORE), TOWN RD WATER TANK OPP",0.0,0.0,0.0,0.0,0.0,0.0,2026-01-03 06:40:23,2026-01-03 06:40:23,0.0,0.0
700,ANNAI VELANKANI STORE KRISHNAPURAM,ANNAI VELANKANI STORE KRISHNAPURAM,0.0,0.0,0.0,0.0,0.0,0.0,2026-01-03 06:40:23,2026-01-03 06:40:23,0.0,0.0
701,SENTHUR TEA STALL NEAR ABI SUPER MARKET,SENTHUR TEA STALL NEAR ABI SUPER MARKET,0.0,0.0,0.0,0.0,0.0,0.0,2026-01-03 06:40:23,2026-01-03 06:40:23,0.0,0.0
702,JAYAM STORE KURICHI,JAYAM STORE KURICHI,0.0,0.0,0.0,0.0,0.0,0.0,2026-01-03 06:40:23,2026-01-03 06:40:23,0.0,0.0
703,RIZWANA STORE(MELAPALAYAM),RIZWANA STORE(MELAPALAYAM),0.0,0.0,0.0,0.0,0.0,0.0,2026-01-03 06:40:23,2026-01-03 06:40:23,0.0,0.0
704,ASIK STORE MELAPALAYAM,ASIK STORE MELAPALAYAM,0.0,0.0,0.0,0.0,0.0,0.0,2026-01-03 06:40:23,2026-01-03 06:40:23,0.0,0.0
705,NELLAI JUICE CORNER,NELLAI JUICE CORNER,0.0,0.0,0.0,0.0,0.0,0.0,2026-01-03 06:40:23,2026-01-03 06:40:23,0.0,0.0
706,ESAKKI TSTALL NEAR SHANMUGA MESS TOWN RD,ESAKKI TSTALL NEAR SHANMUGA MESS TOWN RD,0.0,0.0,0.0,0.0,0.0,0.0,2026-01-03 06:40:23,2026-01-03 06:40:23,0.0,0.0
707,SANKAR SWEETS town,SANKAR SWEETS town,0.0,0.0,0.0,0.0,0.0,0.0,2026-01-03 06:40:23,2026-01-03 06:40:23,0.0,0.0
708,"NAMBI T-STALL, PKS VEGETABLE OPP TOWN","NAMBI T-STALL, PKS VEGETABLE OPP TOWN",0.0,0.0,0.0,0.0,0.0,0.0,2026-01-03 06:40:23,2026-01-03 06:40:23,0.0,0.0
709,SATHICK STORE NARASINGA PERUMAL KOVIL OPP,SATHICK STORE NARASINGA PERUMAL KOVIL OPP,0.0,0.0,0.0,0.0,0.0,0.0,2026-01-03 06:40:23,2026-01-03 06:40:23,0.0,0.0
710,G-MART PERUMALBURAM,G-MART PERUMALBURAM,0.0,0.0,0.0,0.0,0.0,0.0,2026-01-03 06:40:23,2026-01-03 06:40:23,0.0,0.0
711,HOTEL RANI PANANKULAM,HOTEL RANI PANANKULAM,0.0,0.0,0.0,0.0,0.0,0.0,2026-01-03 06:40:23,2026-01-03 06:40:23,0.0,0.0
712,SHIFA MEDICAL TOWN,SHIFA MEDICAL TOWN,0.0,0.0,0.0,0.0,0.0,0.0,2026-01-03 06:40:23,2026-01-03 06:40:23,0.0,0.0
713,MUTHU LAKSHMI STORE SEVALLAPERI MAIN RD THIMMARAJAPURAM,0,0.0,0.0,0.0,0.0,0.0,0.0,2026-07-03 12:26:45,2026-07-03 12:26:45,0.0,0.0
714,THE ESSENTIALS PHARMACY SANTHINAGAR RD,0,0.0,0.0,0.0,0.0,0.0,0.0,2026-07-03 12:26:45,2026-07-03 12:26:45,0.0,0.0
715,MM STORE POTHIGAI NAGAR,0,0.0,0.0,0.0,0.0,0.0,0.0,2026-07-03 12:26:45,2026-07-03 12:26:45,0.0,0.0
716,JEMS STORE BAJAJ AUTO OPP,0,0.0,0.0,0.0,0.0,0.0,0.0,2026-07-03 12:26:45,2026-07-03 12:26:45,0.0,0.0
717,SRI GANAPATHY STORE G.V MAHAL OPP,0,0.0,0.0,0.0,0.0,0.0,0.0,2026-07-03 12:26:45,2026-07-03 12:26:45,0.0,0.0
718,NEW MAHALAKSHMI IYENGAR HOTEL SUDAR OPP RASTHA,0,0.0,0.0,0.0,0.0,0.0,0.0,2026-07-03 12:26:45,2026-07-03 12:26:45,0.0,0.0
719,SRI NACHIYAAR BHAVAN ALAKIYAPANTIPURAM NEAR BUS STAND,0,0.0,0.0,0.0,0.0,0.0,0.0,2026-07-03 12:26:45,2026-07-03 12:26:45,0.0,0.0
720,AAVIN PALAGAM ALAKIYAPANTIPURAM CHECK PPST RIGHT SIDE,0,0.0,0.0,0.0,0.0,0.0,0.0,2026-07-03 12:26:45,2026-07-03 12:26:45,0.0,0.0
721,XAVIERS COLLEGE CANTEEN,0,0.0,0.0,0.0,0.0,0.0,0.0,2026-07-03 12:26:45,2026-07-03 12:26:45,0.0,0.0
722,MERIDIAN INN,0,0.0,0.0,0.0,0.0,0.0,0.0,2026-07-03 12:26:45,2026-07-03 12:26:45,0.0,0.0
723,"R.SELVAM NADAR, 5/133 MELA THERU MARUNTHANVALVU NARIKINARU MARUTHANVALVU",0,0.0,0.0,0.0,0.0,0.0,0.0,2026-07-03 12:26:45,2026-07-03 12:26:45,0.0,0.0
724,KURINJI HOTELS AND LODGE,0,0.0,0.0,0.0,0.0,0.0,0.0,2026-07-03 12:26:45,2026-07-03 12:26:45,0.0,0.0
725,LAKSHMI PRIYA STORE,0,0.0,0.0,0.0,0.0,0.0,0.0,2026-07-03 12:26:45,2026-07-03 12:26:45,0.0,0.0
726,ANNAI SNACKS MUNIYANDI VILAS NEAR,0,0.0,0.0,0.0,0.0,0.0,0.0,2026-07-03 12:26:45,2026-07-03 12:26:45,0.0,0.0
727,ST.JOSEPH BAKERY SOUTH BAJAR NEAR JOSEPH REST,0,0.0,0.0,0.0,0.0,0.0,0.0,2026-07-03 12:26:45,2026-07-03 12:26:45,0.0,0.0
728,AYYA MARKETTING RAMAYANPATTI,0,0.0,0.0,0.0,0.0,0.0,0.0,2026-07-03 12:26:45,2026-07-03 12:26:45,0.0,0.0
729,"E.P.R SELVA SINGH, SAMYTHOPU",0,0.0,0.0,0.0,0.0,0.0,0.0,2026-07-03 12:26:45,2026-07-03 12:26:45,0.0,0.0
730,SRI BADHAM HOTEL KTC NAGAR,0,0.0,0.0,0.0,0.0,0.0,0.0,2026-07-03 12:26:45,2026-07-03 12:26:45,0.0,0.0
731,KALIS STORE,0,0.0,0.0,0.0,0.0,0.0,0.0,2026-07-03 12:26:45,2026-07-03 12:26:45,0.0,0.0
732,SAI TEA STALL.,0,0.0,0.0,0.0,0.0,0.0,0.0,2026-07-03 12:26:45,2026-07-03 12:26:45,0.0,0.0
733,MALLIGA STORE DUCCAMALPURAM INSIDE,0,0.0,0.0,0.0,0.0,0.0,0.0,2026-07-03 12:26:45,2026-07-03 12:26:45,0.0,0.0
734,SAS XEROX NEAR VAMSHIGA,0,0.0,0.0,0.0,0.0,0.0,0.0,2026-07-03 12:26:45,2026-07-03 12:26:45,0.0,0.0
735,sithima,0,0.0,0.0,0.0,0.0,0.0,0.0,2026-07-03 12:26:45,2026-07-03 12:26:45,0.0,0.0
736,ESSENTIALS PHARMACY.,0,0.0,0.0,0.0,0.0,0.0,0.0,2026-07-03 12:26:45,2026-07-03 12:26:45,0.0,0.0
737,FATHIMA STORE MANGAMMAL SALAI,0,0.0,0.0,0.0,0.0,0.0,0.0,2026-07-03 12:26:45,2026-07-03 12:26:45,0.0,0.0
738,ADITHYA TRADERS MANGAMMAL SALAI,0,0.0,0.0,0.0,0.0,0.0,0.0,2026-07-03 12:26:45,2026-07-03 12:26:45,0.0,0.0
739,KAVITHA STORE MANGAMMAL SALAI,0,0.0,0.0,0.0,0.0,0.0,0.0,2026-07-03 12:26:45,2026-07-03 12:26:45,0.0,0.0
740,NALLAIYA STORE 7TH STREET KTC NAGAR,0,0.0,0.0,0.0,0.0,0.0,0.0,2026-07-03 12:26:45,2026-07-03 12:26:45,0.0,0.0
741,SHIBA STORE 7TH STREET KTC NAGAE,0,0.0,0.0,0.0,0.0,0.0,0.0,2026-07-03 12:26:45,2026-07-03 12:26:45,0.0,0.0
742,"JESMI STORE, SERVICE ROAD KTC NAGAR",0,0.0,0.0,0.0,0.0,0.0,0.0,2026-07-03 12:26:45,2026-07-03 12:26:45,0.0,0.0
743,MAHARAJ STORE KTC,0,0.0,0.0,0.0,0.0,0.0,0.0,2026-07-03 12:26:45,2026-07-03 12:26:45,0.0,0.0
744,SUYAMBULINGAM STORE TVL SERVICE ROAD KTC NAGAR,0,0.0,0.0,0.0,0.0,0.0,0.0,2026-07-03 12:26:45,2026-07-03 12:26:45,0.0,0.0
745,NELLAI STORE KTC NAGAR,0,0.0,0.0,0.0,0.0,0.0,0.0,2026-07-03 12:26:45,2026-07-03 12:26:45,0.0,0.0
746,TREE TIME SUTHAMALLI BISMILLAH OPPOSITE,0,0.0,0.0,0.0,0.0,0.0,0.0,2026-07-03 12:26:45,2026-07-03 12:26:45,0.0,0.0
747,MANI STORE RANI ANNA COLLEGE OPP,0,0.0,0.0,0.0,0.0,0.0,0.0,2026-07-03 12:26:45,2026-07-03 12:26:45,0.0,0.0
748,DHANALAKSHMI STORE COLLECTOR OFFICE RD KOKKIRAKULAM,0,0.0,0.0,0.0,0.0,0.0,0.0,2026-07-03 12:26:45,2026-07-03 12:26:45,0.0,0.0
749,PSN GOVT COLLEGE,0,0.0,0.0,0.0,0.0,0.0,0.0,2026-07-03 12:26:45,2026-07-03 12:26:45,0.0,0.0
750,NAGOOR SHOPPING,0,0.0,0.0,0.0,0.0,0.0,0.0,2026-07-03 12:26:45,2026-07-03 12:26:45,0.0,0.0
751,SHALOM STORE KRISHNAPURAM CHECKPOST,0,0.0,0.0,0.0,0.0,0.0,0.0,2026-07-03 12:26:45,2026-07-03 12:26:45,0.0,0.0
752,MAHA PERIYAVA SUPER MARKET RADHAPURAM,0,0.0,0.0,0.0,0.0,0.0,0.0,2026-07-03 12:26:45,2026-07-03 12:26:45,0.0,0.0
753,thangaratna,0,0.0,0.0,0.0,0.0,0.0,0.0,2026-07-03 12:26:45,2026-07-03 12:26:45,0.0,0.0
754,VENKAT IYER STORE,0,0.0,0.0,0.0,0.0,0.0,0.0,2026-07-03 12:26:45,2026-07-03 12:26:45,0.0,0.0
755,RAJAN STORE,0,0.0,0.0,0.0,0.0,0.0,0.0,2026-07-03 12:26:45,2026-07-03 12:26:45,0.0,0.0
756,SRI MURUGAN PALAMUTHIRSOLAI,0,0.0,0.0,0.0,0.0,0.0,0.0,2026-07-03 12:26:45,2026-07-03 12:26:45,0.0,0.0
757,SCIENCE CENTRE PETTIKADAI,0,0.0,0.0,0.0,0.0,0.0,0.0,2026-07-03 12:26:45,2026-07-03 12:26:45,0.0,0.0
758,SENTHIL MURUGAN STORE,0,0.0,0.0,0.0,0.0,0.0,0.0,2026-07-03 12:26:45,2026-07-03 12:26:45,0.0,0.0
759,ROJA MEDICAL,0,0.0,0.0,0.0,0.0,0.0,0.0,2026-07-03 12:26:45,2026-07-03 12:26:45,0.0,0.0
760,"NASEER TEA STALL, NEAR VISHAKABHAVAN, TOWN",0,0.0,0.0,0.0,0.0,0.0,0.0,2026-07-03 12:26:45,2026-07-03 12:26:45,0.0,0.0
761,"REHOBOTH STORE, NEAR GOLD BAR ICE, ramayanpatti",0,0.0,0.0,0.0,0.0,0.0,0.0,2026-07-03 12:26:45,2026-07-03 12:26:45,0.0,0.0
762,MARUTHU STORE,0,0.0,0.0,0.0,0.0,0.0,0.0,2026-11-03 20:48:16,2026-11-03 20:48:16,0.0,0.0
763,NEW ISSAC STORE,0,0.0,0.0,0.0,0.0,0.0,0.0,2026-11-03 20:48:16,2026-11-03 20:48:16,0.0,0.0
764,BAKIYA TEA STALL NGO,0,0.0,0.0,0.0,0.0,0.0,0.0,2026-11-03 20:48:16,2026-11-03 20:48:16,0.0,0.0
765,INBA SUGI STORE,0,0.0,0.0,0.0,0.0,0.0,0.0,2026-11-03 20:48:16,2026-11-03 20:48:16,0.0,0.0
766,AL-RAHMATH PALAMUTHIRSOLAI,0,0.0,0.0,0.0,0.0,0.0,0.0,2026-11-03 20:48:16,2026-11-03 20:48:16,0.0,0.0
767,SS RISWAN STORE MELA,0,0.0,0.0,0.0,0.0,0.0,0.0,2026-11-03 20:48:16,2026-11-03 20:48:16,0.0,0.0
768,ALBINA STORE TIRUCHENDUR ROAD MKP NAGAR NEAR CHURCH,0,0.0,0.0,0.0,0.0,0.0,0.0,2026-11-03 20:48:16,2026-11-03 20:48:16,0.0,0.0
769,J. PAVANI STORE,0,0.0,0.0,0.0,0.0,0.0,0.0,2026-11-03 20:48:16,2026-11-03 20:48:16,0.0,0.0
770,MANI VILAS NEAR VISHAKABHAVAN TOWN,0,0.0,0.0,0.0,0.0,0.0,0.0,2026-11-03 20:48:16,2026-11-03 20:48:16,0.0,0.0
771,MANI HOTEL TOWN RATHA VITHI,0,0.0,0.0,0.0,0.0,0.0,0.0,2026-11-03 20:48:16,2026-11-03 20:48:16,0.0,0.0
772,THARANI JANAGI MS UNIVERSITY,0,0.0,0.0,0.0,0.0,0.0,0.0,2026-11-03 20:48:16,2026-11-03 20:48:16,0.0,0.0
773,GARDEN FRUITS AND SNACKS PETTAI,0,0.0,0.0,0.0,0.0,0.0,0.0,2026-11-03 20:48:16,2026-11-03 20:48:16,0.0,0.0
774,HOTEL MERIDIAN INN,0,0.0,0.0,0.0,0.0,0.0,0.0,2026-11-03 20:48:16,2026-11-03 20:48:16,0.0,0.0
775,SELVARAJ KODEESWAR NAGAR PALLISVASAL NEAR,0,0.0,0.0,0.0,0.0,0.0,0.0,2026-11-03 20:48:16,2026-11-03 20:48:16,0.0,0.0
776,"ABIMUTHU HOTEL IDISEVEL, KAYATHARU",0,0.0,0.0,0.0,0.0,0.0,0.0,2026-11-03 20:48:16,2026-11-03 20:48:16,0.0,0.0
777,"KDFC COFFEE SHOP, IDISEVEL",0,0.0,0.0,0.0,0.0,0.0,0.0,2026-11-03 20:48:16,2026-11-03 20:48:16,0.0,0.0
778,"GS STORE PANNERKULAM, KAYATHARU",0,0.0,0.0,0.0,0.0,0.0,0.0,2026-11-03 20:48:16,2026-11-03 20:48:16,0.0,0.0
779,"JESURAJ STORE, G H SCHOOL OPP, KAYATHAR",0,0.0,0.0,0.0,0.0,0.0,0.0,2026-11-03 20:48:16,2026-11-03 20:48:16,0.0,0.0
780,SENNAL POTHI STORE(ATCHAYA HOTEL BACKSIDE),0,0.0,0.0,0.0,0.0,0.0,0.0,2026-11-03 20:48:16,2026-11-03 20:48:16,0.0,0.0
781,MAGILMATHI(AS),0,0.0,0.0,0.0,0.0,0.0,0.0,2026-11-03 20:48:16,2026-11-03 20:48:16,0.0,0.0
782,RBK ESWARA STORE REDDIARPATTI,0,0.0,0.0,0.0,0.0,0.0,0.0,2026-11-03 20:48:16,2026-11-03 20:48:16,0.0,0.0
783,AAVIN PAALAGAM VANNARPETTAI,0,0.0,0.0,0.0,0.0,0.0,0.0,2026-11-03 20:48:16,2026-11-03 20:48:16,0.0,0.0
784,RAJA CAFE VANNARPETTAI,0,0.0,0.0,0.0,0.0,0.0,0.0,2026-11-03 20:48:16,2026-11-03 20:48:16,0.0,0.0
785,MAHA STORE AND TEA STALL NEAR ANNAI SNACKS,0,0.0,0.0,0.0,0.0,0.0,1.0,2026-03-12 17:59:12,2026-03-12 17:59:12,0.0,0.0
786,BALTHAI COFFEE SHOP,0,0.0,0.0,0.0,0.0,0.0,1.0,2026-03-12 17:59:12,2026-03-12 17:59:12,0.0,0.0
787,AYISHA STORE NEAR FATHIMA TEMPLE,0,0.0,0.0,0.0,0.0,0.0,1.0,2026-03-12 17:59:12,2026-03-12 17:59:12,0.0,0.0
788,SINGARAM STORE DARLING NAGAR,0,0.0,0.0,0.0,0.0,0.0,1.0,2026-03-12 17:59:12,2026-03-12 17:59:12,0.0,0.0
789,TEA TIME KTC NAGAR,0,0.0,0.0,0.0,0.0,0.0,1.0,2026-03-12 17:59:12,2026-03-12 17:59:12,0.0,0.0
790,SARASWATHI STORE MANGAMMAL SALAI,0,0.0,0.0,0.0,0.0,0.0,1.0,2026-03-12 17:59:12,2026-03-12 17:59:12,0.0,0.0
791,NARAYANA STORE KTC NAGAR,0,0.0,0.0,0.0,0.0,0.0,1.0,2026-03-12 17:59:12,2026-03-12 17:59:12,0.0,0.0
792,MESIYA STORE,0,0.0,0.0,0.0,0.0,0.0,1.0,2026-03-12 17:59:12,2026-03-12 17:59:12,0.0,0.0
793,MARIS SHOPPING,0,0.0,0.0,0.0,0.0,0.0,1.0,2026-03-12 17:59:12,2026-03-12 17:59:12,0.0,0.0
794,AMUTHA SHOPPING NEAR MARIS SHOPPING,0,0.0,0.0,0.0,0.0,0.0,1.0,2026-03-12 17:59:12,2026-03-12 17:59:12,0.0,0.0
795,SPD VEGETABLES(ABU HANIFA ROAD),0,0.0,0.0,0.0,0.0,0.0,1.0,2026-03-12 17:59:12,2026-03-12 17:59:12,0.0,0.0
796,ANBU STORE AKILANDAPURAM(KAYATHARU),0,0.0,0.0,0.0,0.0,0.0,1.0,2026-03-12 17:59:12,2026-03-12 17:59:12,0.0,0.0
797,BARMA BHASAR NEW BUS STAND,0,0.0,0.0,0.0,0.0,0.0,1.0,2026-03-12 17:59:12,2026-03-12 17:59:12,0.0,0.0
798,PULIYANGUDI DIST(SUBBIAH),0,0.0,0.0,0.0,0.0,0.0,1.0,2026-03-12 17:59:12,2026-03-12 17:59:12,0.0,0.0
799,VELAVAN PALPORUL ANGADI VM CHATRAM,0,0.0,0.0,0.0,0.0,0.0,1.0,2026-03-14 22:23:18,2026-03-14 22:23:18,0.0,0.0
800,BALAJI MURUKKU VM CHATRAM,0,0.0,0.0,0.0,0.0,0.0,1.0,2026-03-14 22:23:18,2026-03-14 22:23:18,0.0,0.0
801,RAJESWARI STORE JK KALYANA MANDAPAM PALAY,0,0.0,0.0,0.0,0.0,0.0,1.0,2026-03-14 22:23:18,2026-03-14 22:23:18,0.0,0.0
802,NADARAJ SHOPPING LADIES POLICE STATION ROAD SAMATHANAPURAM,0,0.0,0.0,0.0,0.0,0.0,1.0,2026-03-14 22:23:18,2026-03-14 22:23:18,0.0,0.0
803,THANGAM STORE (SID),0,0.0,0.0,0.0,0.0,0.0,1.0,2026-03-14 22:23:18,2026-03-14 22:23:18,0.0,0.0
804,NELLAI MART VANNAREPETTAI(GST),0,0.0,0.0,0.0,0.0,0.0,1.0,2026-03-14 22:23:18,2026-03-14 22:23:18,0.0,0.0
805,DISHA TEA STALL,0,0.0,0.0,0.0,0.0,0.0,1.0,2026-03-14 22:23:18,2026-03-14 22:23:18,0.0,0.0
806,SRI LAKSHMI TRADERS RAJAVALLIPURAM ROAD,0,0.0,0.0,0.0,0.0,0.0,1.0,2026-03-14 22:23:18,2026-03-14 22:23:18,0.0,0.0
